Brand Name,Spec Score,Rating,Price,Tag,Processor Name,Processor Type,Processor Speed,RAM,Internal Storage,Battery Capacity,Battery Feature,SIM Type,Extra Feature,Display Size,Display Resolution,Display Feature,Memory External,OS Version,Camera,Image Preview
vivo x200 fe,89,4.65,49990,upcoming,dimensity 9300 plus,octa core,3.25 ghz processor GHz,12 gb ram,256 gb inbuilt,6500mAh 90W,Fast Charging,"dual sim, 3g, 4g, 5g, volte","wi-fi, nfc, ir blaster",6.31 inch,"1216 x 2640 px, 120 Hz",with punch hole,memory card not supported,android v15,50 mp + 50 mp + 8 mp triple rear & 50 mp front camera,https://cdn1.smartprix.com/rx-ihi7iaqgq-w280-h280/vivo-x200-fe.webp
vivo s30 pro mini,89,4.65,40990,upcoming,dimensity 9300 plus,octa core,3.4 ghz processor GHz,12 gb ram,256 gb inbuilt,6500mAh 90W,Fast Charging,"dual sim, 3g, 4g, 5g, volte","vo5g, wi-fi, nfc, ir blaster",6.31 inch,"1216 x 2640 px, 120 Hz",with punch hole,memory card not supported,android v15,50 mp + 50 mp + 8 mp triple rear & 50 mp front camera,https://cdn1.smartprix.com/rx-ihxl2mwnr-w280-h280/vivo-s30-pro-mini.webp
samsung galaxy m36 5g,78,4.55,16499,upcoming,exynos 1380,octa core,2.4 ghz processor GHz,6 gb ram,128 gb inbuilt,5000mAh 25W,Fast Charging,"dual sim, 3g, 4g, 5g, volte",wi-fi,6.74 inch,"1080 x 2340 px, 120 Hz",with punch hole,memory card (hybrid),android v15,50 mp + 8 mp + 2 mp triple rear & 13 mp front camera,https://cdn1.smartprix.com/rx-iu5qcy8yf-w280-h280/samsung-galaxy-m36-5.webp
motorola moto g96 5g,74,4.6,19990,upcoming,snapdragon 7s gen2,octa core processor,,12 gb ram,256 gb inbuilt,5500mAh 68W,Fast Charging,"dual sim, 3g, 4g, 5g, volte",wi-fi,6.67 inch,"1080 x 2400 px, 144 Hz",with punch hole,"memory card (hybrid), upto 1 tb",android v14,50 mp + 8 mp dual rear & 32 mp front camera,https://cdn1.smartprix.com/rx-iezuwmvds-w280-h280/motorola-moto-g96-5g.webp
oneplus nord ce 5 5g,74,4.1,27999,upcoming,dimensity 8350,octa core processor,,8 gb ram,256 gb inbuilt,7100mAh 80W,Fast Charging,"dual sim, 3g, 4g, 5g, volte","wi-fi, nfc",6.7 inch,"1080 x 2412 px, 120 Hz",with punch hole,"memory card supported, upto 1 tb",android v15,50 mp + 8 mp dual rear & 16 mp front camera,https://cdn1.smartprix.com/rx-iageuk8fc-w280-h280/oneplus-nord-ce-5-5g.webp
realme gt 10000 mah,77,4.25,34990,rumored,octa core processor,,,8 gb ram,256 gb inbuilt,10000mAh 320W,Fast Charging,"dual sim, 3g, 4g, 5g, volte","vo5g, wi-fi, nfc, ir blaster",6.8 inch,"1264 x 2780 px, 144 Hz",with punch hole,memory card not supported,android v15,50 mp + 50 mp dual rear & 32 mp front camera,https://cdn1.smartprix.com/rx-i4jxpe0cl-w280-h280/realme-gt-10000-mah.webp
samsung galaxy s25 fe,75,4.7,62990,upcoming,exynos 2400,deca core processor,,8 gb ram,256 gb inbuilt,5500mAh,Fast Charging,"dual sim, 3g, 4g, 5g, volte","vo5g, wi-fi, nfc",6.67 inch,"1080 x 2400 px, 120 Hz",with punch hole,memory card not supported,android v16,50 mp + 12 mp + 8 mp triple rear & 12 mp front camera,https://cdn1.smartprix.com/rx-iaq8maqax-w280-h280/samsung-galaxy-s25-f.webp
vivo v60 5g,76,4.65,44990,rumored,octa core processor,,,8 gb ram,256 gb inbuilt,6500mAh 100W,Fast Charging,"dual sim, 3g, 4g, 5g, volte",wi-fi,6.82 inch,"1260 x 2800 px, 144 Hz",with punch hole,memory card not supported,android v16,50 mp + 50 mp dual rear & 50 mp front camera,https://cdn1.smartprix.com/rx-ihcwhkeq6-w280-h280/vivo-v60-5g.webp
samsung galaxy s26 ultra,83,4.45,159990,rumored,octa core processor,,,12 gb ram,256 gb inbuilt,5000mAh 45W,Fast Charging,"dual sim, 3g, 4g, 5g, volte","vo5g, wi-fi",6.9 inch,"1800 x 3440 px, 144 Hz",with punch hole,memory card not supported,android v15,50 mp quad rear & 50 mp front camera,https://cdn1.smartprix.com/rx-irl2qxdwz-w280-h280/samsung-galaxy-s26-u.webp
vivo t5 5g,74,4.2,23990,rumored,snapdragon,octa core processor,,8 gb ram,128 gb inbuilt,7500mAh 100W,Fast Charging,"dual sim, 3g, 4g, 5g, volte",wi-fi,6.67 inch,"1080 x 2400 px, 120 Hz",no punch hole,"memory card (hybrid), upto 1 tb",android v16,50 mp + 13 mp + 8 mp triple rear & 32 mp front camera,https://cdn1.smartprix.com/rx-irqswbtja-w280-h280/vivo-t5-5g.webp
samsung galaxy a82 5g,84,4.35,39990,upcoming,snapdragon 855+,octa core,2.96 ghz processor GHz,6 gb ram,128 gb inbuilt,4500mAh 25W,Fast Charging,"dual sim, 3g, 4g, 5g, volte","wi-fi, nfc",6.71 inch,"1440 x 3200 px, 120 Hz",with punch hole,"memory card supported, upto 1 tb",android v11,64 mp + 12 mp + 5 mp triple rear & 10 mp front camera,https://cdn1.smartprix.com/rx-imrkf7wrx-w280-h280/samsung-galaxy-a82-5.webp
oneplus 13t,87,4.35,39990,upcoming,snapdragon 8 elite,octa core,4.32 ghz processor GHz,12 gb ram,256 gb inbuilt,6260mAh 80W,Fast Charging,"dual sim, 3g, 4g, 5g, volte","vo5g, wi-fi, nfc, ir blaster",6.32 inch,"1216 x 2640 px, 120 Hz",with punch hole,memory card not supported,android v15,50 mp + 50 mp dual rear & 16 mp front camera,https://cdn1.smartprix.com/rx-i1rrn1xpa-w280-h280/oneplus-13t.webp
infinix note 50 pro 5g,87,4.3,23990,upcoming,dimensity 7200,octa core,2.8 ghz processor GHz,8 gb ram,256 gb inbuilt,5000mAh 65W,Fast Charging,"dual sim, 3g, 4g, 5g, volte","wi-fi, nfc, ir blaster",6.78 inch,"1080 x 2436 px, 144 Hz",with punch hole,"memory card supported, upto 1 tb",android v15,50 mp + 2 mp + 2 mp triple rear & 50 mp front camera,https://cdn1.smartprix.com/rx-i3ub9f5zp-w280-h280/infinix-note-50-pro.webp
realme 15 pro plus,79,4.65,37990,upcoming,octa core processor,,,12 gb ram,256 gb inbuilt,5700mAh 120W,Fast Charging,"dual sim, 3g, 4g, 5g, volte",wi-fi,6.7 inch,"1080 x 2412 px, 144 Hz",with punch hole,memory card not supported,android v15,50 mp quad rear & 50 mp front camera,https://cdn1.smartprix.com/rx-if5kwaab7-w280-h280/realme-15-pro-plus.webp
infinix note 15 pro 5g,84,4.45,19990,rumored,dimensity 6100 plus,octa core,2.2 ghz processor GHz,8 gb ram,128 gb inbuilt,5000mAh 66W,Fast Charging,"dual sim, 3g, 4g, 5g, volte",wi-fi,6.8 inch,"1080 x 2400 px, 144 Hz",with punch hole,"memory card supported, upto 2 tb",android v14,108 mp + 32 mp + 2 mp triple rear & 32 mp front camera,https://cdn1.smartprix.com/rx-ijhihk546-w280-h280/infinix-note-15-pro.webp
vivo v50 pro 5g,87,4.2,54990,rumored,dimensity 9300,octa core,3.25 ghz processor GHz,8 gb ram,256 gb inbuilt,5700mAh 100W,Fast Charging,"dual sim, 3g, 4g, 5g, volte",wi-fi,6.8 inch,"1260 x 2800 px, 144 Hz",with punch hole,memory card not supported,android v15,50 mp quad rear & 50 mp front camera,https://cdn1.smartprix.com/rx-ihcwhkeq6-w280-h280/vivo-v50-pro-5g.webp
oneplus 14,83,4.15,69990,rumored,octa core processor,,,12 gb ram,256 gb inbuilt,6500mAh 120W,Fast Charging,"dual sim, 3g, 4g, 5g, volte","vo5g, wi-fi, nfc, ir blaster",6.82 inch,"1440 x 3168 px, 144 Hz",with punch hole,memory card not supported,android v15,50 mp quad rear & 50 mp front camera,https://cdn1.smartprix.com/rx-ih0mtdyms-w280-h280/oneplus-14.webp
ai+ nova 5g,71,4.5,9999,upcoming,octa core processor,,,8 gb ram,128 gb inbuilt,5000mAh 33W,Fast Charging,"dual sim, 3g, 4g, 5g, volte",wi-fi,6.78 inch,"2400 x 1200 px, 120 Hz",with punch hole,"memory card supported, upto 1 tb",android v15,50 mp + 8 mp dual rear & 16 mp front camera,https://cdn1.smartprix.com/rx-ieen9vdzg-w280-h280/ai-nova-5g.webp
samsung galaxy a17,74,4.1,24990,rumored,octa core processor,,,6 gb ram,128 gb inbuilt,5000mAh 25W,Fast Charging,"dual sim, 3g, 4g, 5g, volte","wi-fi, nfc",6.74 inch,"1080 x 2340 px, 120 Hz",with punch hole,"memory card (hybrid), upto 1 tb",android v15,50 mp + 12 mp + 2 mp triple rear & 32 mp front camera,https://cdn1.smartprix.com/rx-ieiie54uq-w280-h280/samsung-galaxy-a17.webp
tecno pop 10 5g,74,4.0,7999,rumored,dimensity 7025,octa core,2.5 ghz processor GHz,4 gb ram,128 gb inbuilt,5100mAh,Fast Charging,"dual sim, 3g, 4g, 5g, volte","wi-fi, nfc, ir blaster",6.67 inch,"720 x 1612 px, 120 Hz",with punch hole,"memory card supported, upto 1 tb",android v15,50 mp dual rear & 8 mp front camera,https://cdn1.smartprix.com/rx-ik9vbwtud-w280-h280/tecno-pop-10-5g.webp
lava storm play 5g (8gb ram + 256gb),77,4.05,12999,upcoming,dimensity 7060,octa core,2.6 ghz processor GHz,8 gb ram,256 gb inbuilt,5000mAh 18W,Fast Charging,"dual sim, 3g, 4g, 5g, volte",wi-fi,6.75 inch,"720 x 1600 px, 120 Hz",no punch hole,"memory card (hybrid), upto 1 tb",android v15,50 mp + 2 mp dual rear & 8 mp front camera,https://cdn1.smartprix.com/rx-if8zezcyd-w280-h280/lava-storm-play-5g-8.webp
tecno pova 7 5g,80,4.05,20999,upcoming,dimensity 7300,octa core,2.5 ghz processor GHz,8 gb ram,256 gb inbuilt,6000mAh 80W,Fast Charging,"dual sim, 3g, 4g, 5g, volte",wi-fi,6.82 inch,"1080 x 2400 px, 144 Hz",no punch hole,"memory card supported, upto 1 tb",android v14,108 mp dual rear & 32 mp front camera,https://cdn1.smartprix.com/rx-irgki4z1j-w280-h280/tecno-pova-7-5g.webp
tesla pi phone,82,4.2,69999,rumored,octa core processor,,,16 gb ram,512 gb inbuilt,5000mAh 120W,Fast Charging,"dual sim, 3g, 4g, 5g, volte","wi-fi, nfc",6.73 inch,"1080 x 2448 px, 165 Hz",no punch hole,memory card not supported,android v13,50 mp + 50 mp + 50 mp triple rear & 32 mp front camera,https://cdn1.smartprix.com/rx-igoxm4mis-w280-h280/tesla-pi-phone.webp
oppo f31 pro 5g,75,4.55,26990,rumored,octa core processor,,,8 gb ram,256 gb inbuilt,5500mAh 120W,Fast Charging,"dual sim, 3g, 4g, 5g, volte",wi-fi,6.78 inch,"1080 x 2412 px, 120 Hz",with punch hole,"memory card (hybrid), upto 2 tb",android v16,50 mp + 8 mp + 2 mp triple rear & 50 mp front camera,https://cdn1.smartprix.com/rx-itqarpdh8-w280-h280/oppo-f31-pro-5g.webp
vivo t5x 5g,74,4.1,15990,rumored,dimensity 7400,octa core processor,,8 gb ram,128 gb inbuilt,6700mAh 67W,Fast Charging,"dual sim, 3g, 4g, 5g, volte",wi-fi,6.82 inch,"1080 x 2408 px, 120 Hz",with punch hole,"memory card (hybrid), upto 1 tb",android v16,50 mp + 2 mp dual rear & 32 mp front camera,https://cdn1.smartprix.com/rx-imgynvcdy-w280-h280/vivo-t5x-5g.webp
motorola moto g56 5g,82,4.55,15990,upcoming,dimensity 7060,octa core,2.6 ghz processor GHz,8 gb ram,256 gb inbuilt,5200mAh 30W,Fast Charging,"dual sim, 3g, 4g, 5g, volte",wi-fi,6.72 inch,"1080 x 2400 px, 120 Hz",with punch hole,"memory card (hybrid), upto 1 tb",android v15,50 mp + 8 mp dual rear & 32 mp front camera,https://cdn1.smartprix.com/rx-inxn5ajyx-w280-h280/motorola-moto-g56-5g.webp
vivo y400,81,4.2,29990,rumored,snapdragon 6 gen1,octa core,2.2 ghz processor GHz,8 gb ram,256 gb inbuilt,5500mAh 100W,Fast Charging,"dual sim, 3g, 4g, 5g, volte",wi-fi,6.78 inch,"1080 x 2400 px, 120 Hz",with punch hole,"memory card (hybrid), upto 2 tb",android v15,50 mp + 2 mp dual rear & 32 mp front camera,https://cdn1.smartprix.com/rx-ikf2lf5dy-w280-h280/vivo-y400.webp
motorola moto g76 5g,79,4.65,18990,rumored,dimensity 7300,octa core,2.5 ghz processor GHz,8 gb ram,128 gb inbuilt,5000mAh 45W,Fast Charging,"dual sim, 3g, 4g, 5g, volte",wi-fi,6.67 inch,"1080 x 2400 px, 120 Hz",with punch hole,memory card not supported,android v14,50 mp + 13 mp dual rear & 32 mp front camera,https://cdn1.smartprix.com/rx-iqt9xih1v-w280-h280/motorola-moto-g76-5g.webp
vivo y19s,72,4.5,8990,upcoming,unisoc t612,octa core,1.8 ghz processor GHz,6 gb ram,128 gb inbuilt,5500mAh 15W,Fast Charging,"dual sim, 3g, 4g, volte",wi-fi,6.68 inch,"720 x 1608 px, 90 Hz",no punch hole,memory card supported,android v14,50 mp dual rear & 5 mp front camera,https://cdn1.smartprix.com/rx-iizgpry64-w280-h280/vivo-y19s.webp
apple iphone 17 air,74,4.0,79990,upcoming,apple,octa core processor,,8 gb ram,128 gb inbuilt,3000mAh,Fast Charging,"dual sim, 3g, 4g, 5g, volte","wi-fi, nfc",6.1 inch,1200 x 2600 px,no punch hole,memory card not supported,ios v26,12 mp + 12 mp dual rear & 24 mp front camera,https://cdn1.smartprix.com/rx-iv7kdktx4-w280-h280/apple-iphone-17-air.webp
tecno pova 7 pro,87,4.7,23990,upcoming,dimensity 7050,octa core,2.6 ghz processor GHz,8 gb ram,256 gb inbuilt,6000mAh 100W,Fast Charging,"dual sim, 3g, 4g, 5g, volte","vo5g, wi-fi, nfc, ir blaster",6.82 inch,"1080 x 2436 px, 144 Hz",with punch hole,"memory card supported, upto 1 tb",android v14,200 mp + 8 mp + 0.08 mp triple rear & 32 mp front camera,https://cdn1.smartprix.com/rx-imyuuz08i-w280-h280/tecno-pova-7-pro.webp
vivo x300 pro 5g,85,4.35,69990,rumored,dimensity 9500,octa core processor,,12 gb ram,256 gb inbuilt,6500mAh 120W,Fast Charging,"dual sim, 3g, 4g, 5g, volte","wi-fi, nfc, ir blaster",6.82 inch,"1260 x 2800 px, 120 Hz",with punch hole,memory card not supported,android v15,200 mp + 50 mp + 50 mp triple rear & 50 mp front camera,https://cdn1.smartprix.com/rx-i1txzkgcq-w280-h280/vivo-x300-pro-5g.webp
samsung galaxy a57,79,4.5,45990,rumored,exynos,octa core processor,,8 gb ram,128 gb inbuilt,5000mAh 45W,Fast Charging,"dual sim, 3g, 4g, 5g, volte","wi-fi, nfc",6.72 inch,"1080 x 2340 px, 120 Hz",with punch hole,"memory card (hybrid), upto 1 tb",android v15,50 mp + 13 mp + 5 mp triple rear & 50 mp front camera,https://cdn1.smartprix.com/rx-ieiie54uq-w280-h280/samsung-galaxy-a57.webp
xiaomi redmi note 15 pro plus,78,4.65,35990,upcoming,dimensity 8020,octa core processor,,8 gb ram,256 gb inbuilt,5000mAh 240W,Fast Charging,"dual sim, 3g, 4g, 5g, volte","wi-fi, ir blaster",6.78 inch,"1080 x 2400 px, 165 Hz",with punch hole,memory card not supported,android v15,200 mp + 13 mp + 2 mp triple rear & 60 mp front camera,https://cdn1.smartprix.com/rx-ix2vw0p84-w280-h280/xiaomi-redmi-note-15.webp
oneplus ace 5 ultra,85,4.25,29990,upcoming,dimensity 9400 plus,octa core,3.63 ghz processor GHz,12 gb ram,256 gb inbuilt,6700mAh 100W,Fast Charging,"dual sim, 3g, 4g, 5g, volte","vo5g, wi-fi, nfc, ir blaster",6.83 inch,"1272 x 2800 px, 144 Hz",with punch hole,memory card not supported,android v15,50 mp + 8 mp dual rear & 16 mp front camera,https://cdn1.smartprix.com/rx-iab4tefwl-w280-h280/oneplus-ace-5-ultra.webp
realme gt 8 pro,86,4.35,59990,upcoming,snapdragon 8 elite 2,octa core processor,,12 gb ram,512 gb inbuilt,7500mAh 320W,Fast Charging,"dual sim, 3g, 4g, 5g, volte","wi-fi, nfc, ir blaster",6.82 inch,"1864 x 3820 px, 144 Hz",with punch hole,memory card not supported,android v15,200 mp quad rear & 50 mp front camera,https://cdn1.smartprix.com/rx-idecjp7yu-w280-h280/realme-gt-8-pro.webp
motorola moto g86 5g,86,4.55,28999,upcoming,dimensity 7300,octa core,2.5 ghz processor GHz,8 gb ram,256 gb inbuilt,5200mAh 30W,Fast Charging,"dual sim, 3g, 4g, 5g, volte","wi-fi, nfc",6.67 inch,"1220 x 2712 px, 120 Hz",with punch hole,"memory card (hybrid), upto 1 tb",android v15,50 mp + 8 mp dual rear & 32 mp front camera,https://cdn1.smartprix.com/rx-i4cxrq0ej-w280-h280/motorola-moto-g86-5g.webp
apple iphone 17,78,4.6,89990,upcoming,bionic a19,octa core processor,,12 gb ram,128 gb inbuilt,4190mAh,Fast Charging,"dual sim, 3g, 4g, 5g, volte","wi-fi, nfc",6.3 inch,"1200 x 2600 px, 120 Hz",no punch hole,memory card not supported,ios v26,50 mp + 12 mp dual rear & 24 mp front camera,https://cdn1.smartprix.com/rx-ifhbkpgke-w280-h280/apple-iphone-17.webp
poco f7 ultra,89,4.6,54990,upcoming,snapdragon 8 elite,octa core,4.32 ghz processor GHz,12 gb ram,256 gb inbuilt,5300mAh 120W,Fast Charging,"dual sim, 3g, 4g, 5g, volte","wi-fi, nfc, ir blaster",6.67 inch,"1440 x 3200 px, 120 Hz",with punch hole,memory card not supported,android v15,50 mp + 50 mp + 32 mp triple rear & 32 mp front camera,https://cdn1.smartprix.com/rx-iwf7ecnur-w280-h280/poco-f7-ultra.webp
vivo t4 pro 5g,78,4.1,34990,rumored,octa core processor,,,8 gb ram,256 gb inbuilt,5700mAh 120W,Fast Charging,"dual sim, 3g, 4g, 5g, volte","vo5g, wi-fi",6.74 inch,"1080 x 2408 px, 144 Hz",no punch hole,"memory card (hybrid), upto 1 tb",android v15,50 mp + 50 mp + 10 mp triple rear & 50 mp front camera,https://cdn1.smartprix.com/rx-ihcwhkeq6-w280-h280/vivo-t4-pro-5g.webp
sony xperia 1 vii,90,4.7,140990,upcoming,snapdragon 8 elite,octa core,4.32 ghz processor GHz,12 gb ram,256 gb inbuilt,5000mAh 30W,Fast Charging,"dual sim, 3g, 4g, 5g, volte","wi-fi, nfc",6.5 inch,"1080 x 2340 px, 120 Hz",no punch hole,memory card (hybrid),android v15,48 mp + 48 mp + 12 mp triple rear & 12 mp front camera,https://cdn1.smartprix.com/rx-i8txmmuvy-w280-h280/sony-xperia-1-vii.webp
xiaomi redmi note 15,81,4.6,15990,upcoming,dimensity 6020,octa core,2.2 ghz processor GHz,8 gb ram,128 gb inbuilt,5000mAh 80W,Fast Charging,"dual sim, 3g, 4g, 5g, volte","wi-fi, ir blaster",6.73 inch,"1080 x 2480 px, 120 Hz",with punch hole,"memory card supported, upto 1 tb",android v15,64 mp + 13 mp + 2 mp triple rear & 32 mp front camera,https://cdn1.smartprix.com/rx-ikl65vtgs-w280-h280/xiaomi-redmi-note-15.webp
infinix smart 10 plus,66,4.2,6990,upcoming,unisoc t7250,octa core,1.8 ghz processor GHz,4 gb ram,128 gb inbuilt,6000mAh 18W,Fast Charging,"dual sim, 3g, 4g, volte","wi-fi, nfc, ir blaster",6.67 inch,"720 x 1600 px, 120 Hz",with punch hole,memory card supported,android v15,8 mp rear & 8 mp front camera,https://cdn1.smartprix.com/rx-itegx5dnm-w280-h280/infinix-smart-10-plu.webp
infinix hot 60 5g,75,4.05,11990,rumored,dimensity 7050,octa core,2.6 ghz processor GHz,6 gb ram,128 gb inbuilt,5000mAh 33W,Fast Charging,"dual sim, 3g, 4g, 5g, volte",wi-fi,6.74 inch,"720 x 1600 px, 120 Hz",with punch hole,"memory card (hybrid), upto 1 tb",android v16,50 mp + depth sensor dual rear & 8 mp front camera,https://cdn1.smartprix.com/rx-ixfiddhdd-w280-h280/infinix-hot-60-5g.webp
realme 15 5g,74,4.1,19990,rumored,octa core processor,,,8 gb ram,256 gb inbuilt,5500mAh 100W,Fast Charging,"dual sim, 3g, 4g, 5g, volte",wi-fi,6.74 inch,"1080 x 2400 px, 120 Hz",with punch hole,"memory card supported, upto 1 tb",android v15,50 mp + 13 mp + 2 mp triple rear & 50 mp front camera,https://cdn1.smartprix.com/rx-iymgpzhqb-w280-h280/realme-15-5g.webp
oneplus nord ce 5 lite 5g,76,4.05,22990,rumored,snapdragon 7 gen2,octa core processor,,8 gb ram,256 gb inbuilt,5000mAh 80W,Fast Charging,"dual sim, 3g, 4g, 5g, volte",wi-fi,6.78 inch,"1080 x 2400 px, 120 Hz",with punch hole,"memory card (hybrid), upto 1 tb",android v15,50 mp + 13 mp + 2 mp triple rear & 32 mp front camera,https://cdn1.smartprix.com/rx-icrspvbtb-w280-h280/oneplus-nord-ce-5-li.webp
oneplus 14r,88,4.05,49990,rumored,snapdragon 8 elite,octa core,4.32 ghz processor GHz,12 gb ram,256 gb inbuilt,6700mAh 80W,Fast Charging,"dual sim, 3g, 4g, 5g, volte","vo5g, wi-fi, nfc, ir blaster",6.78 inch,"1264 x 2780 px, 120 Hz",with punch hole,memory card not supported,android v16,50 mp + 50 mp + 50 mp triple rear & 32 mp front camera,https://cdn1.smartprix.com/rx-inr10lurp-w280-h280/oneplus-14r.webp
ai+ pulse,68,4.45,8999,upcoming,octa core processor,,,8 gb ram,128 gb inbuilt,5000mAh,Fast Charging,"dual sim, 3g, 4g, volte",wi-fi,6.78 inch,"2400 x 1200 px, 120 Hz",with punch hole,"memory card supported, upto 1 tb",android v15,50 mp dual rear & 8 mp front camera,https://cdn1.smartprix.com/rx-iesxlw2oh-w280-h280/ai-pulse.webp
vivo y04,66,4.45,8990,upcoming,unisoc t7225,octa core,2 ghz processor GHz,4 gb ram,64 gb inbuilt,5000mAh 18W,Fast Charging,"dual sim, 3g, 4g, volte",wi-fi,6.74 inch,"720 x 1600 px, 90 Hz",no punch hole,"memory card supported, upto 1 tb",android v14,13 mp + 0.08 mp dual rear & 5 mp front camera,https://cdn1.smartprix.com/rx-iogbyvytf-w280-h280/vivo-y04.webp
vivo x200 pro mini,90,4.35,55990,upcoming,dimensity 9400,octa core,3.63 ghz processor GHz,12 gb ram,256 gb inbuilt,5700mAh 90W,Fast Charging,"dual sim, 3g, 4g, 5g, volte","wi-fi, nfc, ir blaster",6.31 inch,"1216 x 2640 px, 120 Hz",with punch hole,memory card not supported,android v15,50 mp + 50 mp + 50 mp triple rear & 32 mp front camera,https://cdn1.smartprix.com/rx-iehtkhr1o-w280-h280/vivo-x200-pro-mini.webp
vivo y29s 5g,76,4.35,15990,upcoming,dimensity 6300,octa core,2.4 ghz processor GHz,8 gb ram,256 gb inbuilt,5500mAh 15W,Fast Charging,"dual sim, 3g, 4g, 5g, volte",wi-fi,6.74 inch,"720 x 1600 px, 90 Hz",with punch hole,"memory card supported, upto 2 tb",android v15,50 mp + 0.08 mp dual rear & 5 mp front camera,https://cdn1.smartprix.com/rx-ifl0fj6zn-w280-h280/vivo-y29s-5g.webp
oppo reno 13f,84,4.2,32990,upcoming,snapdragon 6 gen1,octa core,2.2 ghz processor GHz,8 gb ram,128 gb inbuilt,5800mAh 45W,Fast Charging,"dual sim, 3g, 4g, 5g, volte","wi-fi, nfc, ir blaster",6.67 inch,"1080 x 2400 px, 120 Hz",with punch hole,memory card (hybrid),android v15,50 mp + 8 mp + 2 mp triple rear & 32 mp front camera,https://cdn1.smartprix.com/rx-igj0rthkk-w280-h280/oppo-reno-13f.webp
vivo x300,79,4.5,54990,rumored,dimensity 9500,octa core processor,,12 gb ram,256 gb inbuilt,6000mAh 120W,Fast Charging,"dual sim, 3g, 4g, 5g, volte","wi-fi, nfc, ir blaster",6.67 inch,"1260 x 2800 px, 120 Hz",with punch hole,memory card not supported,android v15,50 mp + 50 mp dual rear & 50 mp front camera,https://cdn1.smartprix.com/rx-i1txzkgcq-w280-h280/vivo-x300.webp
infinix note 50,82,4.5,14990,upcoming,helio g100,octa core,2.2 ghz processor GHz,8 gb ram,256 gb inbuilt,5200mAh 45W,Fast Charging,"dual sim, 3g, 4g, volte","wi-fi, nfc, ir blaster",6.78 inch,"1080 x 2436 px, 144 Hz",with punch hole,"memory card supported, upto 2 tb",android v15,50 mp + 2 mp dual rear & 13 mp front camera,https://cdn1.smartprix.com/rx-i3ub9f5zp-w280-h280/infinix-note-50.webp
nubia red magic 10 pro 5g,87,4.05,59990,upcoming,snapdragon 8 elite,octa core,4.32 ghz processor GHz,12 gb ram,256 gb inbuilt,6500mAh 80W,Fast Charging,"dual sim, 3g, 4g, 5g, volte","wi-fi, nfc, ir blaster",6.85 inch,"1216 x 2688 px, 144 Hz",no punch hole,memory card not supported,android v15,50 mp + 50 mp + 2 mp triple rear & 16 mp front camera,https://cdn1.smartprix.com/rx-i4gt0hds9-w280-h280/nubia-red-magic-10-p.webp
samsung galaxy f17 5g,73,4.4,16990,rumored,octa core processor,,,6 gb ram,128 gb inbuilt,6000mAh 25W,Fast Charging,"dual sim, 3g, 4g, 5g, volte",wi-fi,6.67 inch,"1080 x 2400 px, 120 Hz",with punch hole,"memory card (hybrid), upto 1 tb",android v15,108 mp + 13 mp + 2 mp triple rear & 32 mp front camera,https://cdn1.smartprix.com/rx-i07gfpkqu-w280-h280/samsung-galaxy-f17-5.webp
nokia x200,83,4.7,24999,rumored,snapdragon 6 gen 1,octa core,2.2 ghz processor GHz,8 gb ram,128 gb inbuilt,5000mAh 33W,Fast Charging,"dual sim, 3g, 4g, 5g, volte","wi-fi, nfc",6.7 inch,"1080 x 2400 px, 90 Hz",with punch hole,"memory card supported, upto 1000 gb",android v13,50 mp + 8 mp + 2 mp triple rear & 32 mp front camera,https://cdn1.smartprix.com/rx-imw7e5ird-w280-h280/nokia-x200.webp
oppo reno 14f,84,4.0,34990,upcoming,snapdragon 6 gen1,octa core,2.2 ghz processor GHz,8 gb ram,256 gb inbuilt,6000mAh 45W,Fast Charging,"dual sim, 3g, 4g, 5g, volte","wi-fi, nfc",6.57 inch,"1080 x 2372 px, 120 Hz",with punch hole,memory card supported,android v15,50 mp + 8 mp + 2 mp triple rear & 32 mp front camera,https://cdn1.smartprix.com/rx-itvelpvtp-w280-h280/oppo-reno-14f.webp
oneplus 14 pro,83,4.15,89990,rumored,snapdragon 8 elite 2,octa core processor,,12 gb ram,256 gb inbuilt,6500mAh 120W,Fast Charging,"dual sim, 3g, 4g, 5g, volte","vo5g, wi-fi, nfc, ir blaster",6.84 inch,"1440 x 3168 px, 120 Hz",with punch hole,memory card not supported,android v16,50 mp + 50 mp + 50 mp triple rear & 50 mp front camera,https://cdn1.smartprix.com/rx-ih0mtdyms-w280-h280/oneplus-14-pro.webp
infinix hot 50 pro plus,80,4.1,17990,upcoming,helio g100,octa core,2.2 ghz processor GHz,8 gb ram,128 gb inbuilt,5000mAh 33W,Fast Charging,"dual sim, 3g, 4g, wi-fi, nfc",,6.78 inch,"1080 x 2436 px, 120 Hz",no punch hole,memory card supported,android v14,50 mp + 2 mp triple rear & 13 mp front camera,https://cdn1.smartprix.com/rx-ihh5zrgld-w280-h280/infinix-hot-50-pro-p.webp
oppo reno 14f,84,4.0,34990,upcoming,snapdragon 6 gen1,octa core,2.2 ghz processor GHz,8 gb ram,256 gb inbuilt,6000mAh 45W,Fast Charging,"dual sim, 3g, 4g, 5g, volte","wi-fi, nfc",6.57 inch,"1080 x 2372 px, 120 Hz",with punch hole,memory card supported,android v15,50 mp + 8 mp + 2 mp triple rear & 32 mp front camera,https://cdn1.smartprix.com/rx-itvelpvtp-w280-h280/oppo-reno-14f.webp
samsung galaxy a76,89,4.75,42990,rumored,snapdragon 7+ gen2,octa core,2.91 ghz processor GHz,8 gb ram,128 gb inbuilt,5000mAh 45W,Fast Charging,"dual sim, 3g, 4g, 5g, volte","wi-fi, nfc",6.78 inch,"1080 x 2412 px, 120 Hz",with punch hole,"memory card (hybrid), upto 1 tb",android v14,108 mp quad rear & 32 mp front camera,https://cdn1.smartprix.com/rx-ie1odq8ry-w280-h280/samsung-galaxy-a76.webp
ulefone armor 34 pro,91,4.4,34990,upcoming,dimensity 7300,octa core,2.5 ghz processor GHz,12 gb ram,512 gb inbuilt,25500mAh 66W,Fast Charging,"dual sim, 3g, 4g, 5g, volte","wi-fi, nfc, ir blaster",6.95 inch,"1080 x 2460 px, 144 Hz",with punch hole,memory card supported,android v15,64 mp + 50 mp + 50 mp triple rear & 32 mp front camera,https://cdn1.smartprix.com/rx-ivnse1cre-w280-h280/ulefone-armor-34-pro.webp
poco f8,76,4.05,37990,rumored,octa core processor,,,12 gb ram,256 gb inbuilt,7700mAh 100W,Fast Charging,"dual sim, 3g, 4g, 5g, volte","wi-fi, nfc, ir blaster",6.78 inch,"1220 x 2712 px, 144 Hz",with punch hole,memory card not supported,android v16,50 mp + 50 mp + 8 mp triple rear & 32 mp front camera,https://cdn1.smartprix.com/rx-ixiatdqkc-w280-h280/poco-f8.webp
oneplus 13 mini,88,4.55,49990,upcoming,snapdragon 8 elite,octa core,4.32 ghz processor GHz,8 gb ram,256 gb inbuilt,6200mAh 80W,Fast Charging,"dual sim, 3g, 4g, 5g, volte","vo5g, wi-fi, nfc, ir blaster",6.31 inch,"1440 x 3168 px, 120 Hz",with punch hole,memory card not supported,android v15,50 mp + 50 mp dual rear & 32 mp front camera,https://cdn1.smartprix.com/rx-ih0mtdyms-w280-h280/oneplus-13-mini.webp
xiaomi redmi 15c 5g,74,4.45,12990,rumored,snapdragon 4 gen3,octa core processor,,8 gb ram,128 gb inbuilt,5500mAh 33W,Fast Charging,"dual sim, 3g, 4g, 5g, volte",wi-fi,6.74 inch,"1080 x 2400 px, 120 Hz",with punch hole,"memory card supported, upto 1 tb",android v15,50 mp + 8 mp dual rear & 16 mp front camera,https://cdn1.smartprix.com/rx-it7ho0flf-w280-h280/xiaomi-redmi-15c-5g.webp
realme c75,76,4.05,9990,upcoming,helio g92 max,octa core,2 ghz processor GHz,8 gb ram,128 gb inbuilt,6000mAh 45W,Fast Charging,"dual sim, 3g, 4g, volte","wi-fi, nfc",6.72 inch,1080 x 2400 px,with punch hole,memory card supported,android v14,50 mp dual rear & 8 mp front camera,https://cdn1.smartprix.com/rx-inc6znwbv-w280-h280/realme-c75.webp
xiaomi redmi a5 5g,67,4.15,9990,upcoming,snapdragon 4 gen3,octa core processor,,4 gb ram,128 gb inbuilt,5500mAh 33W,Fast Charging,"dual sim, 3g, 4g, 5g, volte","wi-fi, nfc",6.78 inch,"1080 x 2400 px, 120 Hz",no punch hole,"memory card supported, upto 1 tb",android v14,50 mp + 8 mp + 2 mp triple rear & 8 mp front camera,https://cdn1.smartprix.com/rx-ipgijqlp6-w280-h280/xiaomi-redmi-a5-5g.webp
infinix smart 10 hd,61,4.45,4999,upcoming,octa core,1.6 ghz processor,,2 gb ram,64 gb inbuilt,5000mAh 10W,Fast Charging,"dual sim, 3g, 4g, volte","wi-fi, ir blaster",6.6 inch,"720 x 1612 px, 90 Hz",with punch hole,memory card supported,android v14,13 mp rear & 8 mp front camera,https://cdn1.smartprix.com/rx-ihdoklhbd-w280-h280/infinix-smart-10-hd.webp
motorola moto g86 power 5g,87,4.5,31999,upcoming,dimensity 7300,octa core,2.5 ghz processor GHz,8 gb ram,512 gb inbuilt,6720mAh 30W,Fast Charging,"dual sim, 3g, 4g, 5g, volte","wi-fi, nfc",6.67 inch,"1220 x 2712 px, 120 Hz",with punch hole,"memory card (hybrid), upto 1 tb",android v15,50 mp + 8 mp dual rear & 32 mp front camera,https://cdn1.smartprix.com/rx-i8cgg6f7l-w280-h280/motorola-moto-g86-po.webp
samsung galaxy jump 4,71,4.5,27990,upcoming,exynos 1380,octa core,2.4 ghz processor GHz,6 gb ram,128 gb inbuilt,5000mAh,Standard Charging,"dual sim, 3g, 4g, 5g, volte","wi-fi, nfc",6.7 inch,120 Hz,no punch hole,"memory card supported, upto 2 tb",android v15,12 mp + 8 mp + 2 mp triple rear & 13 mp front camera,https://cdn1.smartprix.com/rx-ib8xwvtoq-w280-h280/samsung-galaxy-jump.webp
motorola moto g95 5g,72,4.5,22990,rumored,snapdragon 6 gen4,octa core processor,,8 gb ram,128 gb inbuilt,5600mAh 33W,Fast Charging,"dual sim, 3g, 4g, 5g, volte",wi-fi,6.74 inch,"1080 x 2400 px, 120 Hz",with punch hole,memory card not supported,android v15,50 mp + 12 mp dual rear & 32 mp front camera,https://cdn1.smartprix.com/rx-iezuwmvds-w280-h280/motorola-moto-g95-5g.webp
motorola moto g75 5g,86,4.25,32990,upcoming,snapdragon 6 gen3,octa core,2.4 ghz processor GHz,8 gb ram,256 gb inbuilt,5000mAh 30W,Fast Charging,"dual sim, 3g, 4g, 5g, volte","wi-fi, nfc",6.78 inch,"1080 x 2388 px, 120 Hz",with punch hole,memory card (hybrid),android v14,50 mp + 8 mp dual rear & 16 mp front camera,https://cdn1.smartprix.com/rx-icuvf247n-w280-h280/motorola-moto-g75-5g.webp
xiaomi 15s pro,92,4.0,66990,upcoming,xring o1,deca core,3.9 ghz processor GHz,16 gb ram,512 gb inbuilt,6100mAh 90W,Fast Charging,"dual sim, 3g, 4g, 5g, volte","wi-fi, nfc, ir blaster",6.73 inch,"1440 x 3200 px, 120 Hz",with punch hole,memory card not supported,android v15,50 mp + 50 mp + 50 mp triple rear & 32 mp front camera,https://cdn1.smartprix.com/rx-imbaltzp7-w280-h280/xiaomi-15s-pro.webp
cmf phone (2),73,4.05,19999,upcoming,dimensity 7400,octa core processor,,6 gb ram,128 gb inbuilt,5000mAh 33W,Fast Charging,"dual sim, 3g, 4g, 5g, volte",wi-fi,6.3 inch,"1080 x 2400 px, 120 Hz",with punch hole,"memory card (hybrid), upto 1.02 tb",android v15,50 mp + 50 mp dual rear & 32 mp front camera,https://cdn1.smartprix.com/rx-inheagyo2-w280-h280/cmf-phone-2.webp
infinix smart 10,64,4.4,5990,upcoming,unisoc t7250,octa core,1.8 ghz processor GHz,3 gb ram,64 gb inbuilt,5000mAh 15W,Fast Charging,"dual sim, 3g, 4g, volte","wi-fi, nfc, ir blaster",6.67 inch,"720 x 1600 px, 120 Hz",with punch hole,memory card supported,android v15,8 mp rear & 8 mp front camera,https://cdn1.smartprix.com/rx-isc3udxad-w280-h280/infinix-smart-10.webp
fairphone 6,87,4.35,59990,upcoming,snapdragon 7s gen3 soc,octa core,2.5 ghz processor GHz,8 gb ram,256 gb inbuilt,4415mAh 30W,Fast Charging,"dual sim, 3g, 4g, 5g, volte","wi-fi, nfc",6.31 inch,"1116 x 2484 px, 120 Hz",with punch hole,memory card supported,android v15,50 mp + 13 mp dual rear & 32 mp front camera,https://cdn1.smartprix.com/rx-imof0xhlv-w280-h280/fairphone-6.webp
oneplus ace 6,85,4.5,29990,upcoming,snapdragon 8 elite,octa core,4.32 ghz processor GHz,12 gb ram,256 gb inbuilt,7800mAh 80W,Fast Charging,"dual sim, 3g, 4g, 5g, volte","vo5g, wi-fi, nfc, ir blaster",6.78 inch,"1264 x 2780 px, 120 Hz",with punch hole,memory card not supported,android v15,50 mp + 8 mp + 2 mp triple rear & 16 mp front camera,https://cdn1.smartprix.com/rx-ipu28adym-w280-h280/oneplus-ace-6.webp
vivo x300 ultra,85,4.5,79990,upcoming,octa core processor,,,12 gb ram,256 gb inbuilt,6000mAh 120W,Fast Charging,"dual sim, 3g, 4g, 5g, volte","wi-fi, nfc, ir blaster",6.8 inch,"1260 x 2800 px, 120 Hz",with punch hole,memory card not supported,android v15,200 mp + 50 mp + 50 mp triple rear & 50 mp front camera,https://cdn1.smartprix.com/rx-i1txzkgcq-w280-h280/vivo-x300-ultra.webp
realme gt 8,81,4.45,49990,rumored,octa core processor,,,12 gb ram,256 gb inbuilt,6000mAh 200W,Fast Charging,"dual sim, 3g, 4g, 5g, volte","vo5g, wi-fi, nfc, ir blaster",6.8 inch,"1264 x 3200 px, 144 Hz",with punch hole,memory card not supported,android v15,64 mp + 50 mp + 50 mp triple rear & 50 mp front camera,https://cdn1.smartprix.com/rx-idecjp7yu-w280-h280/realme-gt-8.webp
oppo a60 5g,74,4.6,14990,upcoming,dimensity 6300,octa core,2.4 ghz processor GHz,6 gb ram,128 gb inbuilt,5100mAh 45W,Fast Charging,"dual sim, 3g, 4g, 5g, volte","wi-fi, nfc",6.67 inch,"720 x 1604 px, 120 Hz",with punch hole,"memory card supported, upto 1 tb",android v14,50 mp dual rear & 5 mp front camera,https://cdn1.smartprix.com/rx-i9eb20gbo-w280-h280/oppo-a60-5g.webp
xiaomi redmi 14 5g,74,4.75,14999,upcoming,snapdragon 4s gen2,octa core processor,,8 gb ram,128 gb inbuilt,5000mAh 44W,Fast Charging,"dual sim, 3g, 4g, 5g, volte","wi-fi, ir blaster",6.82 inch,"1080 x 2460 px, 120 Hz",with punch hole,"memory card (hybrid), upto 1 tb",android v15,108 mp + 2 mp dual rear & 16 mp front camera,https://cdn1.smartprix.com/rx-iakowiv5h-w280-h280/xiaomi-redmi-14-5g.webp
xiaomi redmi note 14 pro max,79,4.7,32990,rumored,dimensity 7350 pro,octa core processor,,8 gb ram,128 gb inbuilt,5200mAh,Fast Charging,"dual sim, 3g, 4g, 5g, volte","wi-fi, ir blaster",6.78 inch,"1080 x 2460 px, 144 Hz",with punch hole,"memory card supported, upto 1 tb",android v14,200 mp quad rear & 32 mp front camera,https://cdn1.smartprix.com/rx-i4ipozw8r-w280-h280/xiaomi-redmi-note-14.webp
realme c2s,62,3.45,3499,upcoming,helio  p22,octa core,2 ghz processor GHz,3 gb ram,32 gb inbuilt,4000mAh,Standard Charging,"dual sim, 3g, 4g, volte",wi-fi,6.1 inch,720 x 1560 px,no punch hole,"memory card supported, upto 128 gb",android v9.0 (pie),13 mp + 2 mp dual rear & 5 mp front camera,https://cdn1.smartprix.com/rx-isfwvyh3p-w280-h280/realme-c2s.webp
cmf phone 3 pro,75,4.05,24990,rumored,octa core processor,,,8 gb ram,128 gb inbuilt,6000mAh 48W,Fast Charging,"dual sim, 3g, 4g, 5g, volte",wi-fi,6.81 inch,"1080 x 2392 px, 144 Hz",with punch hole,memory card (hybrid),android v16,50 mp + 50 mp + 12 mp triple rear & 32 mp front camera,https://cdn1.smartprix.com/rx-im8sgvgwk-w280-h280/cmf-phone-3-pro.webp
infinix gt 30,67,4.55,15999,upcoming,dimensity 7400,octa core processor,,8 gb ram,128 gb inbuilt,5000mAh 45W,Fast Charging,"dual sim, 3g, 4g, 5g, volte","wi-fi, nfc, ir blaster",6.7 inch,120 Hz,with punch hole,memory card supported,android v15,50 mp + 8 mp dual rear & 8 mp front camera,https://cdn1.smartprix.com/rx-ibzuqkjq4-w280-h280/infinix-gt-30.webp
samsung galaxy m17 5g,74,4.0,18990,rumored,dimensity 6400,octa core processor,,8 gb ram,128 gb inbuilt,7000mAh 25W,Fast Charging,"dual sim, 3g, 4g, 5g, volte","wi-fi, nfc",6.67 inch,"1080 x 2408 px, 120 Hz",with punch hole,"memory card supported, upto 1 tb",android v16,50 mp + 13 mp + 2 mp triple rear & 16 mp front camera,https://cdn1.smartprix.com/rx-i2wuf3vq1-w280-h280/samsung-galaxy-m17-5.webp
tecno camon 40,82,4.55,24990,upcoming,helio g100,octa core,2.2 ghz processor GHz,8 gb ram,128 gb inbuilt,5200mAh 45W,Fast Charging,"dual sim, 3g, 4g, 5g, volte","wi-fi, nfc, ir blaster",6.78 inch,"1080 x 2436 px, 120 Hz",with punch hole,"memory card supported, upto 1 tb",android v15,50 mp + 8 mp dual rear & 32 mp front camera,https://cdn1.smartprix.com/rx-i3pklxgl7-w280-h280/tecno-camon-40.webp
poco x8 5g,74,4.3,29990,rumored,octa core processor,,,8 gb ram,256 gb inbuilt,5700mAh 80W,Fast Charging,"dual sim, 3g, 4g, 5g, volte","vo5g, wi-fi",6.74 inch,"1240 x 2740 px, 144 Hz",with punch hole,"memory card supported, upto 1 tb",android v16,50 mp + 13 mp + 8 mp triple rear & 32 mp front camera,https://cdn1.smartprix.com/rx-iedaiyq8i-w280-h280/poco-x8-5g.webp
samsung galaxy a07 5g,65,4.3,9499,upcoming,octa core processor,,,4 gb ram,128 gb inbuilt,5500mAh 25W,Fast Charging,"dual sim, 3g, 4g, 5g, volte",wi-fi,6.7 inch,"720 x 1600 px, 90 Hz",no punch hole,"memory card supported, upto 1 tb",android v14,50 mp + depth sensor dual rear & 16 mp front camera,https://cdn1.smartprix.com/rx-iosa0ussw-w280-h280/samsung-galaxy-a07-5.webp
samsung galaxy f35 5g,74,4.45,17990,upcoming,exynos,octa core processor,,6 gb ram,128 gb inbuilt,6000mAh 25W,Fast Charging,"dual sim, 3g, 4g, 5g, volte","wi-fi, nfc",6.5 inch,"1080 x 2340 px, 120 Hz",no punch hole,"memory card (hybrid), upto 1 tb",android v14,50 mp + 13 mp + 2 mp triple rear & 16 mp front camera,https://cdn1.smartprix.com/rx-iruefzqkk-w280-h280/samsung-galaxy-f35-5.webp
infinix hot 50 pro,79,4.35,15990,upcoming,helio g100,octa core,2.2 ghz processor GHz,8 gb ram,128 gb inbuilt,5000mAh 33W,Fast Charging,"dual sim, 3g, 4g, volte","wi-fi, nfc",6.78 inch,"1080 x 2436 px, 120 Hz",with punch hole,"memory card supported, upto 1 tb",android v14,50 mp + 2 mp triple rear & 8 mp front camera,https://cdn1.smartprix.com/rx-ikooj79n8-w280-h280/infinix-hot-50-pro.webp
infinix hot 50i,71,4.3,9999,upcoming,helio g81,octa core,2 ghz processor GHz,4 gb ram,128 gb inbuilt,5000mAh 18W,Fast Charging,"dual sim, 3g, 4g, volte",wi-fi,6.7 inch,"720 x 1600 px, 120 Hz",with punch hole,"memory card supported, upto 2 tb",android v14,48 mp dual rear & 8 mp front camera,https://cdn1.smartprix.com/rx-iod9v4ccw-w280-h280/infinix-hot-50i.webp
vivo y03,64,4.0,6990,upcoming,helio g85,octa core,2 ghz processor GHz,4 gb ram,64 gb inbuilt,5000mAh 15W,Fast Charging,"dual sim, 3g, 4g, volte",wi-fi,6.56 inch,"720 x 1612 px, 90 Hz",no punch hole,"memory card supported, upto 1 tb",android v14,13 mp + 0.08 mp dual rear & 5 mp front camera,https://cdn1.smartprix.com/rx-iqopjvv5c-w280-h280/vivo-y03.webp
nubia neo,79,4.65,15990,upcoming,unisoc t820,octa core,2.7 ghz processor GHz,8 gb ram,256 gb inbuilt,4500mAh 5W,Fast Charging,"dual sim, 3g, 4g, 5g, volte","wi-fi, nfc",6.6 inch,"1080 x 2408 px, 120 Hz",no punch hole,memory card (hybrid),android v13,50 mp + 2 mp dual rear & 8 mp front camera,https://cdn1.smartprix.com/rx-igelcwcpw-w280-h280/nubia-neo.webp
nokia oxygen ultra 5g,91,4.15,59990,rumored,snapdragon 8 gen2,octa core,3.2 ghz processor GHz,12 gb ram,256 gb inbuilt,5000mAh 67W,Fast Charging,"dual sim, 3g, 4g, 5g, volte",wi-fi,6.9 inch,"1400 x 3200 px, 120 Hz",with punch hole,memory card supported,android v13,200 mp penta rear & 32 mp front camera,https://cdn1.smartprix.com/rx-i0onbkurz-w280-h280/nokia-oxygen-ultra-5.webp
infinix note 60,76,4.4,19990,rumored,octa core processor,,,8 gb ram,256 gb inbuilt,5700mAh,Fast Charging,"dual sim, 3g, 4g, volte","wi-fi, nfc, ir blaster",6.78 inch,"1080 x 2436 px, 144 Hz",with punch hole,"memory card supported, upto 2 tb",android v16,50 mp + 8 mp dual rear & 13 mp front camera,https://cdn1.smartprix.com/rx-iwoouk7fz-w280-h280/infinix-note-60.webp
motorola moto s60 neo,82,4.0,17990,upcoming,dimensity 7300,octa core,2.5 ghz processor GHz,8 gb ram,256 gb inbuilt,6520mAh 33W,Fast Charging,"dual sim, 3g, 4g, 5g, volte","wi-fi, nfc",6.67 inch,"1260 x 2712 px, 120 Hz",with punch hole,memory card supported,android v15,50 mp + 8 mp dual rear & 32 mp front camera,https://cdn1.smartprix.com/rx-ipwikl2pl-w280-h280/motorola-moto-s60-ne.webp
oneplus 15,82,4.5,79999,upcoming,snapdragon 8 elite 2,octa core processor,,12 gb ram,256 gb inbuilt,7000mAh 100W,Fast Charging,"dual sim, 3g, 4g, 5g, volte","vo5g, wi-fi, nfc, ir blaster",6.78 inch,"1440 x 3168 px, 120 Hz",with punch hole,memory card not supported,android v15,50 mp + 50 mp + 50 mp triple rear & 32 mp front camera,https://cdn1.smartprix.com/rx-ih0mtdyms-w280-h280/oneplus-15.webp
vivo y19s pro,71,4.65,9990,upcoming,unisoc t612,octa core,1.8 ghz processor GHz,6 gb ram,128 gb inbuilt,6000mAh 44W,Fast Charging,"dual sim, 3g, 4g, volte",wi-fi,6.68 inch,"720 x 1608 px, 90 Hz",no punch hole,memory card supported,android v15,50 mp rear & 5 mp front camera,https://cdn1.smartprix.com/rx-iizgpry64-w280-h280/vivo-y19s-pro.webp
trump mobile t1 phone,75,4.25,42990,upcoming,octa core processor,,,12 gb ram,256 gb inbuilt,5000mAh 20W,Fast Charging,"dual sim, 3g, 4g, 5g, volte","wi-fi, nfc",6.78 inch,"1080 x 2460 px, 120 Hz",no punch hole,memory card supported,android v15,50 mp + 2 mp + 2 mp triple rear & 16 mp front camera,https://cdn1.smartprix.com/rx-iyklotruo-w280-h280/trump-mobile-t1-phon.webp
itel city 100,59,4.55,7799,upcoming,unisoc t7250,octa core,1.8 ghz processor GHz,4 gb ram,128 gb inbuilt,5200mAh 18W,Fast Charging,"dual sim, 3g, 4g, volte","wi-fi, ir blaster",6.75 inch,720 x 1600 px,no punch hole,memory card supported,android v14,13 mp rear & 8 mp front camera,https://cdn1.smartprix.com/rx-iw68yv2my-w280-h280/itel-city-100.webp
vivo y37c,61,4.25,7999,upcoming,unisoc t7225,octa core processor,,6 gb ram,128 gb inbuilt,5500mAh 15W,Fast Charging,"dual sim, 3g, 4g, 5g, volte",wi-fi,6.56 inch,"720 x 1612 px, 90 Hz",no punch hole,"memory card supported, upto 1 tb",android v14,13 mp + ultra wide dual rear & 5 mp front camera,https://cdn1.smartprix.com/rx-ijse2v2hv-w280-h280/vivo-y37c.webp
google pixel 10a,74,4.4,49990,rumored,tensor g5,octa core processor,,8 gb ram,128 gb inbuilt,5200mAh 20W,Fast Charging,"dual sim, 3g, 4g, 5g, volte","wi-fi, nfc",6.36 inch,"1080 x 2424 px, 120 Hz",with punch hole,memory card not supported,android v16,50 mp + 13 mp dual rear & 12 mp front camera,https://cdn1.smartprix.com/rx-ixnvnsbl7-w280-h280/google-pixel-10a.webp
motorola moto g65 5g,82,4.6,16990,rumored,dimensity 7300,octa core,2.5 ghz processor GHz,8 gb ram,128 gb inbuilt,6000mAh 45W,Fast Charging,"dual sim, 3g, 4g, 5g, volte","vo5g, wi-fi",6.67 inch,"1080 x 2400 px, 120 Hz",with punch hole,"memory card (hybrid), upto 1 tb",android v15,50 mp + 8 mp dual rear & 32 mp front camera,https://cdn1.smartprix.com/rx-iqt9xih1v-w280-h280/motorola-moto-g65-5g.webp
vivo x200 mini,87,4.15,44990,rumored,dimensity 9400,octa core,3.63 ghz processor GHz,8 gb ram,256 gb inbuilt,5000mAh 80W,Fast Charging,"dual sim, 3g, 4g, 5g, volte","wi-fi, nfc, ir blaster",6.31 inch,"1260 x 2400 px, 120 Hz",with punch hole,memory card not supported,android v15,50 mp + 50 mp + 50 mp triple rear & 50 mp front camera,https://cdn1.smartprix.com/rx-ikxiz0ypo-w280-h280/vivo-x200-mini.webp
motorola moto g66 5g,84,4.35,19990,rumored,dimensity 7050,octa core,2.6 ghz processor GHz,8 gb ram,128 gb inbuilt,6000mAh 33W,Fast Charging,"dual sim, 3g, 4g, 5g, volte","vo5g, wi-fi",6.6 inch,"1080 x 2400 px, 120 Hz",with punch hole,"memory card (hybrid), upto 1 tb",android v15,50 mp + 8 mp + 2 mp triple rear & 32 mp front camera,https://cdn1.smartprix.com/rx-ibgbr2c8q-w280-h280/motorola-moto-g66-5g.webp
oneplus ace 3 pro,85,4.4,37990,upcoming,snapdragon 8 gen3,octa core,3.3 ghz processor GHz,12 gb ram,256 gb inbuilt,6100mAh 100W,Fast Charging,"dual sim, 3g, 4g, 5g, volte","vo5g, wi-fi, nfc, ir blaster",6.78 inch,"1264 x 2780 px, 120 Hz",with punch hole,memory card not supported,android v14,50 mp + 8 mp + 2 mp triple rear & 16 mp front camera,https://cdn1.smartprix.com/rx-iraoourzt-w280-h280/oneplus-ace-3-pro.webp
xiaomi redmi 13r 5g,74,4.7,11999,upcoming,dimensity 6100 plus,octa core,2.2 ghz processor GHz,4 gb ram,128 gb inbuilt,5000mAh 18W,Fast Charging,"dual sim, 3g, 4g, 5g, volte","wi-fi, nfc",6.74 inch,"720 x 1600 px, 90 Hz",no punch hole,"memory card supported, upto 1 tb",android v13,50 mp + 0.08 mp dual rear & 5 mp front camera,https://cdn1.smartprix.com/rx-ichdcz1al-w280-h280/xiaomi-redmi-13r-5g.webp
apple iphone 18 pro max,85,4.75,179900,rumored,octa core processor,,,12 gb ram,256 gb inbuilt,5000mAh 80W,Fast Charging,"dual sim, 3g, 4g, 5g, volte","wi-fi, nfc",6.9 inch,"1800 x 3200 px, 165 Hz",no punch hole,memory card not supported,ios v20,200 mp quad rear & 32 mp front camera,https://cdn1.smartprix.com/rx-inwqpo3bb-w280-h280/apple-iphone-18-pro.webp
samsung galaxy a75 5g,81,4.05,44999,upcoming,snapdragon 778g+,octa core processor,,8 gb ram,128 gb inbuilt,5000mAh 67W,Fast Charging,"dual sim, 3g, 4g, 5g, volte","wi-fi, nfc",6.7 inch,"1080 x 2412 px, 120 Hz",with punch hole,"memory card (hybrid), upto 1 tb",android v12,108 mp quad rear & 32 mp front camera,https://cdn1.smartprix.com/rx-iuvda54wu-w280-h280/samsung-galaxy-a75-5.webp
samsung galaxy a74 5g,88,4.55,42999,upcoming,snapdragon 7 gen1,octa core,2.4 ghz processor GHz,8 gb ram,128 gb inbuilt,5000mAh 33W,Fast Charging,"dual sim, 3g, 4g, 5g, volte","wi-fi, nfc",6.7 inch,"1080 x 2412 px, 120 Hz",with punch hole,"memory card (hybrid), upto 1 tb",android v12,108 mp quad rear & 32 mp front camera,https://cdn1.smartprix.com/rx-ic85kglzw-w280-h280/samsung-galaxy-a74-5.webp
realme c71,70,4.65,11990,upcoming,unisoc t7250,octa core,1.8 ghz processor GHz,4 gb ram,128 gb inbuilt,6300mAh 45W,Fast Charging,"dual sim, 3g, 4g, wi-fi, nfc",,6.67 inch,720 x 1604 px,no punch hole,memory card supported,android v15,50 mp rear & 5 mp front camera,https://cdn1.smartprix.com/rx-i6abaeeg8-w280-h280/realme-c71.webp
vivo t4 lite,64,4.75,11990,upcoming,octa core processor,,,4 gb ram,128 gb inbuilt,5000mAh 18W,Fast Charging,"dual sim, 3g, 4g, volte",wi-fi,6.67 inch,"720 x 1612 px, 120 Hz",no punch hole,"memory card (hybrid), upto 1 tb",android v15,50 mp + 2 mp dual rear & 8 mp front camera,https://cdn1.smartprix.com/rx-ikf2lf5dy-w280-h280/vivo-t4-lite.webp
vivo y40,70,4.75,19999,rumored,octa core processor,,,8 gb ram,128 gb inbuilt,7300mAh 44W,Fast Charging,"dual sim, 3g, 4g, 5g, volte",wi-fi,6.68 inch,"720 x 1608 px, 120 Hz",with punch hole,memory card not supported,android v16,50 mp + 2 mp dual rear & 32 mp front camera,https://cdn1.smartprix.com/rx-ixeaeo14s-w280-h280/vivo-y40.webp
samsung galaxy a27 5g,74,4.35,29999,rumored,octa core processor,,,6 gb ram,128 gb inbuilt,5500mAh 25W,Fast Charging,"dual sim, 3g, 4g, 5g, volte","wi-fi, nfc",6.74 inch,"1080 x 2340 px, 120 Hz",no punch hole,"memory card (hybrid), upto 1 tb",android v16,50 mp + 8 mp + 2 mp triple rear & 13 mp front camera,https://cdn1.smartprix.com/rx-iv9o9saib-w280-h280/samsung-galaxy-a27-5.webp
samsung galaxy s25 ultra (16gb ram + 1tb),95,4.1,175999,upcoming,snapdragon 8elite,octa core,4.47 ghz processor GHz,16 gb ram,1 tb inbuilt,5000mAh 45W,Fast Charging,"dual sim, 3g, 4g, 5g, volte","vo5g, wi-fi, nfc",6.9 inch,"1440 x 3120 px, 120 Hz",with punch hole,memory card not supported,android v15,200 mp quad rear & 12 mp front camera,https://cdn1.smartprix.com/rx-i3jzefawx-w280-h280/samsung-galaxy-s25-u.webp
tecno camon 40 premier,90,4.65,39990,upcoming,dimensity 8350,octa core,3.35 ghz processor GHz,12 gb ram,256 gb inbuilt,5100mAh 70W,Fast Charging,"dual sim, 3g, 4g, 5g, volte","wi-fi, nfc, ir blaster",6.67 inch,"1260 x 2800 px, 120 Hz",with punch hole,memory card not supported,android v15,50 mp + 50 mp + 50 mp triple rear & 50 mp front camera,https://cdn1.smartprix.com/rx-i3pklxgl7-w280-h280/tecno-camon-40-premi.webp
tecno spark 40c 5g,66,4.25,11990,rumored,octa core processor,,,6 gb ram,128 gb inbuilt,5500mAh 33W,Fast Charging,"dual sim, 3g, 4g, 5g, volte","wi-fi, nfc, ir blaster",6.74 inch,720 x 1600 px,with punch hole,memory card supported,android v15,50 mp dual rear & 16 mp front camera,https://cdn1.smartprix.com/rx-ia4i17mxb-w280-h280/tecno-spark-40c-5g.webp
poco m8 pro 5g,78,4.5,17990,upcoming,dimensity 7300,octa core,2.5 ghz processor GHz,6 gb ram,128 gb inbuilt,5500mAh 65W,Fast Charging,"dual sim, 3g, 4g, 5g, volte","wi-fi, ir blaster",6.67 inch,"1080 x 2460 px, 120 Hz",with punch hole,"memory card (hybrid), upto 1 tb",android v15,50 mp + 8 mp + 2 mp triple rear & 16 mp front camera,https://cdn1.smartprix.com/rx-iaik4vj3u-w280-h280/poco-m8-pro-5g.webp
samsung galaxy m37 5g,75,4.4,17990,rumored,octa core processor,,,8 gb ram,128 gb inbuilt,6500mAh 45W,Fast Charging,"dual sim, 3g, 4g, 5g, volte","wi-fi, nfc",6.67 inch,"1080 x 2400 px, 120 Hz",with punch hole,"memory card (hybrid), upto 1 tb",android v15,50 mp + 13 mp + 2 mp triple rear & 32 mp front camera,https://cdn1.smartprix.com/rx-i2wuf3vq1-w280-h280/samsung-galaxy-m37-5.webp
samsung galaxy m37 5g,75,4.4,17990,rumored,octa core processor,,,8 gb ram,128 gb inbuilt,6500mAh 45W,Fast Charging,"dual sim, 3g, 4g, 5g, volte","wi-fi, nfc",6.67 inch,"1080 x 2400 px, 120 Hz",with punch hole,"memory card (hybrid), upto 1 tb",android v15,50 mp + 13 mp + 2 mp triple rear & 32 mp front camera,https://cdn1.smartprix.com/rx-i2wuf3vq1-w280-h280/samsung-galaxy-m37-5.webp
vivo y59 5g,80,4.35,19999,upcoming,snapdragon 6 gen1,octa core,2.2 ghz processor GHz,8 gb ram,128 gb inbuilt,6000mAh 44W,Fast Charging,"dual sim, 3g, 4g, 5g, volte",wi-fi,6.78 inch,"1080 x 2408 px, 120 Hz",with punch hole,"memory card (hybrid), upto 1 tb",android v15,50 mp + 8 mp + 2 mp triple rear & 8 mp front camera,https://cdn1.smartprix.com/rx-ikf2lf5dy-w280-h280/vivo-y59-5g.webp
infinix zero 50 5g,89,4.7,34990,rumored,dimensity 8300,octa core,3.35 ghz processor GHz,12 gb ram,256 gb inbuilt,5500mAh 67W,Fast Charging,"dual sim, 3g, 4g, 5g, volte","wi-fi, nfc",6.82 inch,"1080 x 2400 px, 144 Hz",with punch hole,"memory card supported, upto 2 tb",android v15,50 mp + 50 mp + depth sensor triple rear & 50 mp front camera,https://cdn1.smartprix.com/rx-ibicihthe-w280-h280/infinix-zero-50-5g.webp
motorola moto g36 5g,74,4.3,14990,rumored,dimensity 6300,octa core,2.4 ghz processor GHz,6 gb ram,128 gb inbuilt,5000mAh 45W,Fast Charging,"dual sim, 3g, 4g, 5g, volte","vo5g, wi-fi",6.6 inch,"720 x 1600 px, 120 Hz",with punch hole,"memory card (hybrid), upto 1 tb",android v14,50 mp + 8 mp dual rear & 16 mp front camera,https://cdn1.smartprix.com/rx-iqt9xih1v-w280-h280/motorola-moto-g36-5g.webp
oneplus ace 5,85,4.05,26990,upcoming,snapdragon 8 gen3,octa core,3.3 ghz processor GHz,12 gb ram,256 gb inbuilt,6415mAh 80W,Fast Charging,"dual sim, 3g, 4g, 5g, volte","vo5g, wi-fi, nfc, ir blaster",6.78 inch,"1264 x 2780 px, 120 Hz",with punch hole,memory card not supported,android v15,50 mp + 8 mp + 2 mp triple rear & 16 mp front camera,https://cdn1.smartprix.com/rx-ic69kii46-w280-h280/oneplus-ace-5.webp
vivo v31 pro 5g,86,4.3,42990,upcoming,dimensity 9300,octa core,3.25 ghz processor GHz,12 gb ram,256 gb inbuilt,5000mAh 100W,Fast Charging,"dual sim, 3g, 4g, 5g, volte",wi-fi,6.8 inch,"1260 x 2800 px, 120 Hz",with punch hole,memory card not supported,android v14,64 mp + 50 mp + 50 mp triple rear & 50 mp front camera,https://cdn1.smartprix.com/rx-iuszfhsor-w280-h280/vivo-v31-pro-5g.webp
energizer p28k,81,4.1,22990,upcoming,helio g99,octa core,2.2 ghz processor GHz,8 gb ram,256 gb inbuilt,28000mAh 33W,Fast Charging,"dual sim, 3g, 4g, wi-fi, nfc",,6.78 inch,1080 x 2460 px,with punch hole,memory card supported,android v14,60 mp + 20 mp + 2 mp triple rear & 16 mp front camera,https://cdn1.smartprix.com/rx-izm7agxam-w280-h280/energizer-p28k.webp
oppo k12,82,4.4,21999,upcoming,snapdragon 7 gen3,octa core,2.63 ghz processor GHz,8 gb ram,256 gb inbuilt,5500mAh 100W,Fast Charging,"dual sim, 3g, 4g, 5g, volte","wi-fi, nfc, ir blaster",6.7 inch,"1080 x 2412 px, 120 Hz",with punch hole,memory card (hybrid),android v14,50 mp + 8 mp dual rear & 16 mp front camera,https://cdn1.smartprix.com/rx-iyhcu44yc-w280-h280/oppo-k12.webp
oppo a56 5g,72,4.4,17990,upcoming,dimensity 700 5g,octa core,2.2 ghz processor GHz,6 gb ram,128 gb inbuilt,5000mAh,Standard Charging,"dual sim, 3g, 4g, 5g, volte",wi-fi,6.5 inch,720 x 1600 px,no punch hole,memory card supported,android v11,13 mp + 2 mp dual rear & 8 mp front camera,https://cdn1.smartprix.com/rx-iix9qturn-w280-h280/oppo-a56-5g.webp
sony xperia pro-i,88,4.3,134999,upcoming,snapdragon 888,octa core,2.84 ghz processor GHz,12 gb ram,512 gb inbuilt,4500mAh 30W,Fast Charging,"dual sim, 3g, 4g, 5g, volte","wi-fi, nfc",6.5 inch,"1644 x 3840 px, 120 Hz",no punch hole,"memory card (hybrid), upto 1 tb",android v11,12 mp + 12 mp + 12 mp triple rear & 8 mp front camera,https://cdn1.smartprix.com/rx-iibdkytyw-w280-h280/sony-xperia-pro-i.webp
jio jiophone 5g,63,4.3,9990,upcoming,dimensity 700 5g,octa core,2.2 ghz processor GHz,4 gb ram,32 gb inbuilt,5000mAh 18W,Fast Charging,"dual sim, 3g, 4g, 5g, volte",wi-fi,6.5 inch,"720 x 1600 px, 90 Hz",no punch hole,"memory card supported, upto 512 gb",android v12,13 mp + 2 mp dual rear & 5 mp front camera,https://cdn1.smartprix.com/rx-i0t6ez3kc-w280-h280/jio-jiophone-5g.webp
itel s16,51,4.55,5990,upcoming,unisoc sc7731e,quad core,1.3 ghz processor GHz,1 gb ram,16 gb inbuilt,4000mAh,Standard Charging,"dual sim, 3g, 4g, volte",wi-fi,6.5 inch,1600 x 720 px,no punch hole,"memory card supported, upto 32 gb",android v10,8 mp + 2 mp + 0.3 mp triple rear & 8 mp front camera,https://cdn1.smartprix.com/rx-isyhuo4a8-w280-h280/itel-s16.webp
oppo a6,67,4.25,11990,upcoming,snapdragon 665,octa core,2 ghz processor GHz,4 gb ram,64 gb inbuilt,5000mAh,Fast Charging,"dual sim, 3g, 4g, volte",wi-fi,6.6 inch,720 x 1600 px,no punch hole,"memory card supported, upto 256 gb",android v10,13 mp quad rear & 8 mp front camera,https://cdn1.smartprix.com/rx-iosacssix-w280-h280/oppo-a6.webp
jio phone 3,48,4.15,4499,upcoming,quad core,1.4 ghz processor,,2 gb ram,64 gb inbuilt,2800mAh,Standard Charging,"dual sim, 3g, 4g, volte",wi-fi,5 inch,720 x 1280 px,no punch hole,"memory card supported, upto 128 gb",android v8.1 (oreo),5 mp rear & 2 mp front camera,https://cdn1.smartprix.com/rx-ihspru3gc-w280-h280/jio-phone-3.webp
itel a90 (4gb + 128gb),62,4.35,6999,upcoming,unisoc t7100,octa core,1.8 ghz processor GHz,4 gb ram,128 gb inbuilt,5000mAh 15W,Fast Charging,"dual sim, 3g, 4g, volte",wi-fi,6.6 inch,"720 x 1612 px, 90 Hz",no punch hole,"memory card supported, upto 2 tb",android v14,13 mp rear & 5 mp front camera,https://cdn1.smartprix.com/rx-i9kmuydqj-w280-h280/itel-a90-4gb-128gb.webp
iqoo z11,76,4.35,23990,rumored,octa core processor,,,8 gb ram,256 gb inbuilt,7500mAh 100W,Fast Charging,"dual sim, 3g, 4g, 5g, volte","wi-fi, ir blaster",6.67 inch,"1080 x 2400 px, 120 Hz",with punch hole,"memory card (hybrid), upto 1 tb",android v16,50 mp + 12 mp dual rear & 50 mp front camera,https://cdn1.smartprix.com/rx-iz4fbc95g-w280-h280/iqoo-z11.webp
oppo f31,75,4.3,25990,rumored,octa core processor,,,8 gb ram,256 gb inbuilt,6000mAh 80W,Fast Charging,"dual sim, 3g, 4g, 5g, volte","wi-fi, ir blaster",6.74 inch,"1080 x 2412 px, 120 Hz",with punch hole,"memory card (hybrid), upto 2 tb",android v16,50 mp + 32 mp + 8 mp triple rear & 50 mp front camera,https://cdn1.smartprix.com/rx-itqarpdh8-w280-h280/oppo-f31.webp
realme narzo 80 turbo 5g,74,4.35,17990,rumored,dimensity 7400,octa core processor,,8 gb ram,256 gb inbuilt,5500mAh 45W,Fast Charging,"dual sim, 3g, 4g, 5g, volte",wi-fi,6.74 inch,"1080 x 2400 px, 120 Hz",with punch hole,"memory card (hybrid), upto 1 tb",android v15,50 mp + 2 mp dual rear & 32 mp front camera,https://cdn1.smartprix.com/rx-igyhgsrm6-w280-h280/realme-narzo-80-turb.webp
realme c75x,65,4.2,14990,upcoming,octa core processor,,,6 gb ram,128 gb inbuilt,5180mAh 45W,Fast Charging,"dual sim, 3g, 4g, volte",wi-fi,6.67 inch,"720 x 1604 px, 120 Hz",with punch hole,memory card (hybrid),android v15,50 mp + 2 mp dual rear & 8 mp front camera,https://cdn1.smartprix.com/rx-id7z9moys-w280-h280/realme-c75x.webp
poco c85 5g,63,4.7,8999,rumored,octa core processor,,,4 gb ram,128 gb inbuilt,5500mAh 33W,Fast Charging,"dual sim, 3g, 4g, 5g, volte",wi-fi,6.8 inch,"720 x 1650 px, 120 Hz",no punch hole,"memory card supported, upto 1 tb",android v15,50 mp dual rear & 8 mp front camera,https://cdn1.smartprix.com/rx-iom5itry0-w280-h280/poco-c85-5g.webp
realme 15x 5g,80,4.75,16990,rumored,dimensity 7025,octa core,2.5 ghz processor GHz,8 gb ram,128 gb inbuilt,6500mAh 65W,Fast Charging,"dual sim, 3g, 4g, 5g, volte",wi-fi,6.74 inch,"1200 x 2400 px, 120 Hz",with punch hole,memory card (hybrid),android v14,50 mp + 12 mp + 2 mp triple rear & 16 mp front camera,https://cdn1.smartprix.com/rx-irvikw08n-w280-h280/realme-15x-5g.webp
xiaomi redmi note 16,84,4.4,18990,rumored,dimensity 6300,octa core,2.4 ghz processor GHz,8 gb ram,128 gb inbuilt,5500mAh 100W,Fast Charging,"dual sim, 3g, 4g, volte","wi-fi, ir blaster",6.82 inch,"1080 x 2480 px, 120 Hz",with punch hole,"memory card supported, upto 1 tb",android v16,200 mp + 13 mp + 2 mp triple rear & 32 mp front camera,https://cdn1.smartprix.com/rx-ikl65vtgs-w280-h280/xiaomi-redmi-note-16.webp
vivo x200s,90,4.15,54990,upcoming,dimensity 9400 plus,octa core,3.63 ghz processor GHz,12 gb ram,256 gb inbuilt,6200mAh 90W,Fast Charging,"dual sim, 3g, 4g, 5g, volte","wi-fi, nfc, ir blaster",6.67 inch,"1260 x 2800 px, 120 Hz",with punch hole,memory card not supported,android v15,50 mp + 50 mp + 50 mp triple rear & 32 mp front camera,https://cdn1.smartprix.com/rx-ieqtvdzb4-w280-h280/vivo-x200s.webp
xiaomi 16 pro,83,4.7,69990,rumored,octa core processor,,,12 gb ram,256 gb inbuilt,6500mAh 120W,Fast Charging,"dual sim, 3g, 4g, 5g, volte","wi-fi, nfc, ir blaster",6.78 inch,"1440 x 3200 px, 144 Hz",with punch hole,memory card not supported,android v15,50 mp quad rear & 50 mp front camera,https://cdn1.smartprix.com/rx-i6s9cjur0-w280-h280/xiaomi-16-pro.webp
motorola moto g87,72,4.55,20990,rumored,snapdragon 7 gen2,octa core processor,,8 gb ram,256 gb inbuilt,5100mAh 44W,Fast Charging,"dual sim, 3g, 4g, 5g, volte",wi-fi,6.74 inch,"1080 x 2400 px, 120 Hz",with punch hole,memory card not supported,android v15,50 mp + 13 mp dual rear & 32 mp front camera,https://cdn1.smartprix.com/rx-iurwmtc7u-w280-h280/motorola-moto-g87.webp
itel s25,76,4.0,8990,upcoming,unisoc t620,octa core,2.2 ghz processor GHz,6 gb ram,128 gb inbuilt,5000mAh 18W,Fast Charging,"dual sim, 3g, 4g, wi-fi, nfc, ir blaster",,6.78 inch,1080 x 2436 px,with punch hole,memory card supported,android v14,50 mp rear & 32 mp front camera,https://cdn1.smartprix.com/rx-isorzu4yw-w280-h280/itel-s25.webp
poco c75 (8gb ram + 256gb),77,4.3,10990,upcoming,helio g81 ultra,octa core,2 ghz processor GHz,8 gb ram,256 gb inbuilt,5160mAh 18W,Fast Charging,"dual sim, 3g, 4g, volte","wi-fi, nfc",6.88 inch,"720 x 1640 px, 120 Hz",no punch hole,"memory card supported, upto 1 tb",android v14,50 mp + auxiliary lens dual rear & 13 mp front camera,https://cdn1.smartprix.com/rx-ii6t9dcsm-w280-h280/poco-c75-8gb-ram-256.webp
htc wildfire e6 plus,61,4.4,10990,upcoming,helio g85,quad core processor,,4 gb ram,64 gb inbuilt,5000mAh 18W,Fast Charging,"dual sim, 3g, 4g, volte",wi-fi,5.56 inch,720 x 1440 px,no punch hole,"memory card supported, upto 512 gb",android v13,32 mp + 2 mp dual rear & 8 mp front camera,https://cdn1.smartprix.com/rx-ijflxk4bu-w280-h280/htc-wildfire-e6-plus.webp
samsung galaxy m55s 5g (12gb ram + 256gb),85,4.45,34990,upcoming,snapdragon 7 gen1,octa core,2.4 ghz processor GHz,12 gb ram,256 gb inbuilt,5000mAh 45W,Fast Charging,"dual sim, 3g, 4g, 5g, volte","wi-fi, nfc",6.7 inch,"1080 x 2400 px, 120 Hz",with punch hole,"memory card (hybrid), upto 1 tb",android v14,50 mp + 8 mp + 2 mp triple rear & 50 mp front camera,https://cdn1.smartprix.com/rx-iahvdpqfs-w280-h280/samsung-galaxy-m55s.webp
oneplus ace 3 pro (24gb ram + 1tb),87,4.6,53990,upcoming,snapdragon 8 gen3,octa core,3.3 ghz processor GHz,24 gb ram,1 tb inbuilt,6100mAh 100W,Fast Charging,"dual sim, 3g, 4g, 5g, volte","vo5g, wi-fi, nfc, ir blaster",6.78 inch,"1264 x 2780 px, 120 Hz",with punch hole,memory card not supported,android v14,50 mp + 8 mp + 2 mp triple rear & 16 mp front camera,https://cdn1.smartprix.com/rx-iraoourzt-w280-h280/oneplus-ace-3-pro-24.webp
iqoo z10s pro,75,4.15,26990,rumored,octa core processor,,,8 gb ram,256 gb inbuilt,6000mAh 100W,Fast Charging,"dual sim, 3g, 4g, 5g, volte",wi-fi,6.82 inch,"1080 x 2392 px, 144 Hz",with punch hole,memory card not supported,android v15,50 mp + 13 mp + 2 mp triple rear & 32 mp front camera,https://cdn1.smartprix.com/rx-ihcwhkeq6-w280-h280/iqoo-z10s-pro.webp
vivo y03t,64,4.55,6499,upcoming,unisoc t612,octa core,1.8 ghz processor GHz,4 gb ram,64 gb inbuilt,5000mAh 15W,Fast Charging,"dual sim, 3g, 4g, volte",wi-fi,6.56 inch,"720 x 1612 px, 90 Hz",no punch hole,memory card supported,android v14,13 mp + 0.08 mp dual rear & 5 mp front camera,https://cdn1.smartprix.com/rx-itrelly9e-w280-h280/vivo-y03t.webp
oppo reno 12f 5g,85,4.0,29990,upcoming,dimensity 6300,octa core,2.4 ghz processor GHz,12 gb ram,256 gb inbuilt,5000mAh 45W,Fast Charging,"dual sim, 3g, 4g, 5g, volte","wi-fi, nfc, ir blaster",6.67 inch,"1080 x 2400 px, 120 Hz",with punch hole,memory card (hybrid),android v14,50 mp + 8 mp + 2 mp triple rear & 32 mp front camera,https://cdn1.smartprix.com/rx-iwzzmql5p-w280-h280/oppo-reno-12f-5g.webp
vertu metavertu 2,86,4.65,425999,upcoming,snapdragon 8 gen2,octa core,3.2 ghz processor GHz,12 gb ram,512 gb inbuilt,5100mAh 65W,Fast Charging,"dual sim, 3g, 4g, 5g, volte","wi-fi, nfc",6.78 inch,"1260 x 2800 px, 120 Hz",with punch hole,memory card not supported,android v13,50 mp + 50 mp + 8 mp triple rear & 16 mp front camera,https://cdn1.smartprix.com/rx-irsiwr55d-w280-h280/vertu-metavertu-2.webp
realme gt 6 pro 5g,81,4.1,49990,rumored,snapdragon 8 gen4,octa core processor,,12 gb ram,512 gb inbuilt,6000mAh 120W,Fast Charging,"dual sim, 3g, 4g, 5g, volte","wi-fi, nfc, ir blaster",6.78 inch,"1864 x 3820 px, 165 Hz",with punch hole,memory card not supported,android v15,50 mp + 50 mp + 50 mp triple rear & 50 mp front camera,https://cdn1.smartprix.com/rx-i1jnaxtpp-w280-h280/realme-gt-6-pro-5g.webp
realme 13x,76,4.05,12999,upcoming,dimensity 6020,octa core,2.2 ghz processor GHz,6 gb ram,128 gb inbuilt,5000mAh 67W,Fast Charging,"dual sim, 3g, 4g, 5g, volte",wi-fi,6.78 inch,"1080 x 2400 px, 144 Hz",with punch hole,"memory card supported, upto 2 tb",android v14,50 mp + 13 mp + 2 mp triple rear & 16 mp front camera,https://cdn1.smartprix.com/rx-inaonocca-w280-h280/realme-13x.webp
poco c75,74,4.45,8990,upcoming,helio g81 ultra,octa core,2 ghz processor GHz,6 gb ram,128 gb inbuilt,5160mAh 18W,Fast Charging,"dual sim, 3g, 4g, volte","wi-fi, nfc",6.88 inch,"720 x 1640 px, 120 Hz",no punch hole,"memory card supported, upto 1 tb",android v14,50 mp + auxiliary lens dual rear & 13 mp front camera,https://cdn1.smartprix.com/rx-ii6t9dcsm-w280-h280/poco-c75.webp
tecno spark 20 pro plus,83,4.2,17999,upcoming,helio g99 ultimate,octa core,2.2 ghz processor GHz,8 gb ram,256 gb inbuilt,5000mAh 33W,Fast Charging,"dual sim, 3g, 4g, volte","wi-fi, nfc",6.78 inch,"1080 x 2436 px, 120 Hz",with punch hole,memory card supported,android v14,108 mp + 0.08 mp dual rear & 32 mp front camera,https://cdn1.smartprix.com/rx-iaeulsovf-w280-h280/tecno-spark-20-pro-p.webp
infinix hot 40 pro,84,4.45,12990,upcoming,helio g99,octa core,2.2 ghz processor GHz,8 gb ram,128 gb inbuilt,5000mAh 44W,Fast Charging,"dual sim, 3g, 4g, volte","wi-fi, nfc",6.78 inch,"1080 x 2460 px, 120 Hz",with punch hole,"memory card supported, upto 1 tb",android v13,108 mp + 2 mp + 0.08 mp triple rear & 32 mp front camera,https://cdn1.smartprix.com/rx-ipaqtnbwl-w280-h280/infinix-hot-40-pro.webp
motorola moto g24 5g,80,4.7,11999,upcoming,dimensity 1080,octa core,2.6 ghz processor GHz,8 gb ram,128 gb inbuilt,6000mAh 18W,Fast Charging,"dual sim, 3g, 4g, 5g, volte",wi-fi,6.58 inch,"1080 x 2400 px, 120 Hz",with punch hole,"memory card (hybrid), upto 1 tb",android v14,50 mp + 2 mp dual rear & 8 mp front camera,https://cdn1.smartprix.com/rx-ipul1ecam-w280-h280/motorola-moto-g24-5g.webp
tecno spark 20 pro,74,4.35,12999,upcoming,helio g99,octa core,2.2 ghz processor GHz,8 gb ram,256 gb inbuilt,5000mAh 33W,Fast Charging,"dual sim, 3g, 4g, volte","wi-fi, nfc",6.78 inch,"1080 x 2460 px, 120 Hz",with punch hole,memory card supported,android v13,108 mp + 0.08 mp dual rear & 32 mp front camera,https://cdn1.smartprix.com/rx-idkg0qs8p-w280-h280/tecno-spark-20-pro.webp
apple iphone 17 plus,77,4.35,99999,upcoming,bionic a19,octa core processor,,8 gb ram,128 gb inbuilt,5100mAh,Fast Charging,"dual sim, 3g, 4g, 5g, volte","wi-fi, nfc",6.8 inch,"1284 x 3200 px, 120 Hz",no punch hole,memory card not supported,ios v26,50 mp + 12 mp dual rear & 12 mp front camera,https://cdn1.smartprix.com/rx-iliwyxczs-w280-h280/apple-iphone-17-plus.webp
realme gt 5 (240w),87,4.15,42990,upcoming,snapdragon 8 gen2,octa core,3.2 ghz processor GHz,24 gb ram,1 tb inbuilt,4600mAh 240W,Fast Charging,"dual sim, 3g, 4g, 5g, volte","vo5g, wi-fi, nfc, ir blaster",6.74 inch,"1240 x 2772 px, 144 Hz",with punch hole,memory card not supported,android v13,50 mp + 8 mp + 2 mp triple rear & 16 mp front camera,https://cdn1.smartprix.com/rx-ivxvfcip0-w280-h280/realme-gt-5-240w.webp
xiaomi redmi 14c,74,4.5,10999,upcoming,helio g81,octa core,2 ghz processor GHz,4 gb ram,128 gb inbuilt,5160mAh 18W,Fast Charging,"dual sim, 3g, 4g, volte","wi-fi, nfc",6.88 inch,"720 x 1640 px, 120 Hz",no punch hole,"memory card supported, upto 1 tb",android v14,50 mp + 2 mp + 0.08 mp triple rear & 13 mp front camera,https://cdn1.smartprix.com/rx-ilgnbmais-w280-h280/xiaomi-redmi-14c.webp
vivo y23,72,4.4,15990,upcoming,helio g85,octa core,2 ghz processor GHz,4 gb ram,128 gb inbuilt,5000mAh 18W,Fast Charging,"dual sim, 3g, 4g, volte",wi-fi,6.6 inch,"720 x 1612 px, 120 Hz",no punch hole,"memory card supported, upto 1 tb",android v13,50 mp + 2 mp dual rear & 8 mp front camera,https://cdn1.smartprix.com/rx-icc0oudi0-w280-h280/vivo-y23.webp
xiaomi redmi note 12 turbo harry potter edition,81,4.65,27990,upcoming,snapdragon 7+ gen2,octa core,2.91 ghz processor GHz,12 gb ram,256 gb inbuilt,5000mAh 67W,Fast Charging,"dual sim, 3g, 4g, 5g, volte","wi-fi, nfc, ir blaster",6.67 inch,"1080 x 2400 px, 120 Hz",with punch hole,memory card not supported,android v13,64 mp + 8 mp + 2 mp triple rear & 16 mp front camera,https://cdn1.smartprix.com/rx-intfnvwwa-w280-h280/xiaomi-redmi-note-12.webp
sony xperia l5 5g,72,4.45,15990,rumored,helio p35,octa core,2.3 ghz processor GHz,4 gb ram,64 gb inbuilt,4000mAh,Fast Charging,"single sim, 3g, 4g, volte","wi-fi, nfc",6.2 inch,720 x 1680 px,no punch hole,"memory card (hybrid), upto 512 gb",android v12,13 mp + 5 mp + 2 mp triple rear & 8 mp front camera,https://cdn1.smartprix.com/rx-izfutdtsy-w280-h280/sony-xperia-l5-5g.webp
motorola moto edge 40 lite 5g,81,4.0,19999,upcoming,snapdragon 695,octa core,2.2 ghz processor GHz,8 gb ram,128 gb inbuilt,4020mAh 33W,Fast Charging,"dual sim, 3g, 4g, 5g, volte",wi-fi,6.28 inch,"1080 x 2408 px, 120 Hz",with punch hole,"memory card (hybrid), upto 1 tb",android v12,64 mp + 13 mp dual rear & 32 mp front camera,https://cdn1.smartprix.com/rx-il53kionu-w280-h280/motorola-moto-edge-4.webp
infinix note 13 pro,79,4.55,16999,upcoming,helio g99,octa core,2.2 ghz processor GHz,6 gb ram,128 gb inbuilt,5000mAh 120W,Fast Charging,"dual sim, 3g, 4g, volte",wi-fi,6.91 inch,1080 x 2460 px,with punch hole,"memory card supported, upto 256 gb",android v12,108 mp quad rear & 16 mp front camera,https://cdn1.smartprix.com/rx-i47sf3mku-w280-h280/infinix-note-13-pro.webp
samsung galaxy a83 5g,84,4.1,39990,upcoming,snapdragon 870,octa core,3.2 ghz processor GHz,6 gb ram,128 gb inbuilt,4500mAh 25W,Fast Charging,"dual sim, 3g, 4g, 5g, volte","wi-fi, nfc",6.71 inch,"1440 x 3200 px, 120 Hz",with punch hole,"memory card supported, upto 1 tb",android v11,64 mp + 12 mp + 5 mp triple rear & 10 mp front camera,https://cdn1.smartprix.com/rx-ijrunio32-w280-h280/samsung-galaxy-a83-5.webp
itel s16 pro,56,4.55,6990,upcoming,quad core,1.3 ghz processor,,2 gb ram,32 gb inbuilt,4000mAh,Standard Charging,"dual sim, 3g, 4g, volte",wi-fi,6.6 inch,1600 x 720 px,with punch hole,"memory card supported, upto 32 gb",android v10,8 mp + 2 mp + 0.3 mp triple rear & 8 mp front camera,https://cdn1.smartprix.com/rx-i8k1f0y5y-w280-h280/itel-s16-pro.webp
xiaomi redmi k20 pro signature edition,86,3.9,480000,upcoming,snapdragon  855,octa core,2.8 ghz processor GHz,8 gb ram,256 gb inbuilt,4000mAh 27W,Fast Charging,"dual sim, 3g, 4g, volte","wi-fi, nfc",6.39 inch,1080 x 2340 px,no punch hole,memory card not supported,android v9.0 (pie),48 mp + 13 mp + 8 mp triple rear & 20 mp front camera,https://cdn1.smartprix.com/rx-iggtkb5hd-w280-h280/xiaomi-redmi-k20-pro.webp
apple iphone 9,60,4.25,29990,rumored,a13 bionic,hexa core,2.65 ghz processor GHz,3 gb ram,64 gb inbuilt,2050mAh,Fast Charging,"single sim, 3g, 4g, volte","wi-fi, nfc",4.7 inch,750 x 1334 px,no punch hole,memory card not supported,ios v13.0,12 mp rear & 7 mp front camera,https://cdn1.smartprix.com/rx-iu4ri3mhe-w280-h280/apple-iphone-9.webp
tcl 605,74,4.5,10999,upcoming,helio g81,octa core,2 ghz processor GHz,8 gb ram,128 gb inbuilt,5200mAh,Fast Charging,"dual sim, 3g, 4g, wi-fi, nfc",,6.7 inch,720 x 1600 px,with punch hole,memory card supported,android v15,50 mp rear & 5 mp front camera,https://cdn1.smartprix.com/rx-iq5gaf98j-w280-h280/tcl-605.webp
honor x6c,76,4.55,12990,upcoming,helio g81 ultra,octa core,2 ghz processor GHz,8 gb ram,256 gb inbuilt,5300mAh 35W,Fast Charging,"dual sim, 3g, 4g, volte","wi-fi, nfc",6.61 inch,"720 x 1604 px, 120 Hz",with punch hole,memory card supported,android v15,50 mp + depth sensor dual rear & 5 mp front camera,https://cdn1.smartprix.com/rx-ivoll8iz1-w280-h280/honor-x6c.webp
oscal pilot 3,86,4.65,17990,upcoming,dimensity 6300,octa core,2.4 ghz processor GHz,12 gb ram,256 gb inbuilt,7500mAh 33W,Fast Charging,"dual sim, 3g, 4g, 5g, volte","wi-fi, nfc",6.78 inch,"1080 x 2460 px, 120 Hz",with punch hole,memory card supported,android v15,50 mp + 20 mp + 2 mp triple rear & 32 mp front camera,https://cdn1.smartprix.com/rx-izr3xgsbc-w280-h280/oscal-pilot-3.webp
sharp aquos r10,87,4.25,29990,upcoming,snapdragon 7+ gen 3,octa core,2.8 ghz processor GHz,12 gb ram,256 gb inbuilt,5000mAh 36W,Fast Charging,"dual sim, 3g, 4g, 5g, wi-fi, nfc",,6.5 inch,1080 x 2340 px,with punch hole,memory card supported,android v15,50.3 mp + 50.3 mp dual rear & 50.3 mp front camera,https://cdn1.smartprix.com/rx-izlgf1rze-w280-h280/sharp-aquos-r10.webp
oneplus ace 5 racing,83,4.65,29990,upcoming,dimensity 9400e,octa core,3.4 ghz processor GHz,12 gb ram,256 gb inbuilt,7100mAh 80W,Fast Charging,"dual sim, 3g, 4g, 5g, volte","vo5g, wi-fi, nfc, ir blaster",6.77 inch,"1080 x 2392 px, 120 Hz",with punch hole,memory card not supported,android v15,50 mp + 2 mp dual rear & 16 mp front camera,https://cdn1.smartprix.com/rx-ipu28adym-w280-h280/oneplus-ace-5-racing.webp
oneplus ace 5 extreme edition,86,4.0,34990,upcoming,dimensity 9400 plus,octa core,3.73 ghz processor GHz,12 gb ram,256 gb inbuilt,6415mAh 80W,Fast Charging,"dual sim, 3g, 4g, 5g, volte","vo5g, wi-fi, nfc, ir blaster",6.78 inch,"1264 x 2780 px, 120 Hz",with punch hole,memory card not supported,android v15,50 mp + 8 mp + 2 mp triple rear & 16 mp front camera,https://cdn1.smartprix.com/rx-ik5u007vl-w280-h280/oneplus-ace-5-extrem.webp
iqoo z10r,71,4.65,18990,rumored,octa core processor,,,8 gb ram,128 gb inbuilt,6800mAh 67W,Fast Charging,"dual sim, 3g, 4g, 5g, volte","wi-fi, ir blaster",6.77 inch,"1080 x 2392 px, 120 Hz",with punch hole,memory card not supported,android v15,50 mp + 2 mp dual rear & 32 mp front camera,https://cdn1.smartprix.com/rx-ibdtueaix-w280-h280/iqoo-z10r.webp
moondrop miad01,81,4.6,49990,upcoming,dimensity 7050,octa core,2.6 ghz processor GHz,12 gb ram,256 gb inbuilt,5000mAh 33W,Fast Charging,"dual sim, 3g, 4g, 5g, wi-fi",,6.7 inch,"2460 x 1080 px, 120 Hz",no punch hole,"memory card (hybrid), upto 2 tb",android v13,64 mp + 8 mp dual rear & 32 mp front camera,https://cdn1.smartprix.com/rx-isntap2rh-w280-h280/moondrop-miad01.webp
oppo a5x,68,4.0,12990,upcoming,snapdragon 6s 4g gen1,octa core,2.1 ghz processor GHz,4 gb ram,64 gb inbuilt,6000mAh 45W,Fast Charging,"dual sim, 3g, 4g, volte","wi-fi, ir blaster",6.67 inch,"720 x 1604 px, 90 Hz",with punch hole,memory card (hybrid),android v15,32 mp rear & 5 mp front camera,https://cdn1.smartprix.com/rx-iuiwwqpt3-w280-h280/oppo-a5x.webp
vivo y20 5g,74,4.15,11999,rumored,dimensity 6400,octa core,2.4 ghz processor GHz,4 gb ram,128 gb inbuilt,5700mAh 20W,Fast Charging,"dual sim, 3g, 4g, 5g, volte",wi-fi,6.74 inch,"720 x 1600 px, 90 Hz",no punch hole,"memory card supported, upto 2 tb",android v16,50 mp + 0.08 mp dual rear & 8 mp front camera,https://cdn1.smartprix.com/rx-ikf2lf5dy-w280-h280/vivo-y20-5g.webp
vivo y40 pro,73,4.5,23990,rumored,octa core processor,,,8 gb ram,128 gb inbuilt,6500mAh 80W,Fast Charging,"dual sim, 3g, 4g, 5g, volte",wi-fi,6.68 inch,"1080 x 2400 px, 120 Hz",with punch hole,memory card not supported,android v16,50 mp + 2 mp dual rear & 50 mp front camera,https://cdn1.smartprix.com/rx-ixeaeo14s-w280-h280/vivo-y40-pro.webp
xiaomi 15t pro,83,4.3,89990,upcoming,octa core processor,,,12 gb ram,256 gb inbuilt,5500mAh 90W,Fast Charging,"dual sim, 3g, 4g, 5g, volte","wi-fi, nfc, ir blaster",6.78 inch,"1440 x 3200 px, 120 Hz",with punch hole,memory card not supported,android v16,50 mp + 50 mp + 50 mp triple rear & 50 mp front camera,https://cdn1.smartprix.com/rx-isjm2a1i0-w280-h280/xiaomi-15t-pro.webp
xiaomi redmi note 14s,86,4.55,21990,upcoming,helio g99 ultra,octa core,2.2 ghz processor GHz,8 gb ram,256 gb inbuilt,5000mAh 67W,Fast Charging,"dual sim, 3g, 4g, volte","wi-fi, nfc, ir blaster",6.67 inch,"1080 x 2400 px, 120 Hz",with punch hole,memory card supported,android v15,200 mp + 8 mp + 2 mp triple rear & 16 mp front camera,https://cdn1.smartprix.com/rx-ib4zdftpx-w280-h280/xiaomi-redmi-note-14.webp
infinix note 50 pro 4g,84,4.25,16999,upcoming,helio g100,octa core,2.2 ghz processor GHz,8 gb ram,256 gb inbuilt,5200mAh 90W,Fast Charging,"dual sim, 3g, 4g, volte","wi-fi, nfc, ir blaster",6.78 inch,"1080 x 2436 px, 144 Hz",with punch hole,"memory card supported, upto 2 tb",android v15,50 mp + 8 mp dual rear & 32 mp front camera,https://cdn1.smartprix.com/rx-ibwxrmmo7-w280-h280/infinix-note-50-pro.webp
itel power 70,61,4.6,7299,upcoming,helio g50,octa core,2.2 ghz processor GHz,4 gb ram,128 gb inbuilt,6000mAh 18W,Fast Charging,"dual sim, 3g, 4g, volte",wi-fi,6.67 inch,"720 x 1600 px, 120 Hz",with punch hole,memory card supported,android v14,13 mp rear & 8 mp front camera,https://cdn1.smartprix.com/rx-ises0njql-w280-h280/itel-power-70.webp
samsung galaxy m07 5g,67,4.2,11990,rumored,octa core processor,,,6 gb ram,128 gb inbuilt,5500mAh 25W,Fast Charging,"dual sim, 3g, 4g, 5g, volte",wi-fi,6.6 inch,"720 x 1600 px, 120 Hz",no punch hole,"memory card supported, upto 1 tb",android v16,50 mp + 2 mp dual rear & 16 mp front camera,https://cdn1.smartprix.com/rx-i8i0xfahu-w280-h280/samsung-galaxy-m07-5.webp
vivo x300 pro mini,90,4.35,59990,rumored,dimensity 9500,octa core,3.63 ghz processor GHz,12 gb ram,256 gb inbuilt,5800mAh 100W,Fast Charging,"dual sim, 3g, 4g, 5g, volte","wi-fi, nfc, ir blaster",6.3 inch,"1216 x 2640 px, 120 Hz",with punch hole,memory card not supported,android v16,50 mp + 50 mp + 50 mp triple rear & 50 mp front camera,https://cdn1.smartprix.com/rx-inekh0pgw-w280-h280/vivo-x300-pro-mini.webp
realme gt 7 pro racing edition,85,4.05,36999,upcoming,snapdragon 8 elite,octa core,4.32 ghz processor GHz,12 gb ram,256 gb inbuilt,6500mAh 120W,Fast Charging,"dual sim, 3g, 4g, 5g, volte","wi-fi, nfc, ir blaster",6.78 inch,"1264 x 2780 px, 120 Hz",with punch hole,memory card not supported,android v15,50 mp + 8 mp dual rear & 16 mp front camera,https://cdn1.smartprix.com/rx-ia2dbnjiw-w280-h280/realme-gt-7-pro-raci.webp
